complaint_id,complaint_text,language,department_label,priority_level,sentiment,ward_location
GRV-2024-101447,BESIDE APARTMENT TOWER SEWAGE MIXED WITH DRINKING WATER ????,English,Water Supply,Critical,Angry,Ward_24
GRV-2024-101114,suddenly today road sinking near metro station,English,Roads & Traffic,Critical,Panic,Ward_27
GRV-2024-101064,terrible situation after pipeline digging slippery mud everywhere in slum area,English,Roads & Traffic,Critical,Neutral,Ward_05
GRV-2024-102287,मंडईजवळ पार्कमध्ये गवत वाढले,Marathi,Public Parks & Infrastructure,Medium,Frustrated,Ward_08
GRV-2024-101537,paani aa hi nahi raha power cut ke time mandir ke bahar,Hinglish,Water Supply,Medium,Panic,Ward_05
GRV-2024-100668,ஏடிஎம் அருகில் மின் கம்பி அறுந்து தொங்குகிறது ஐயா தயவுசெய்து உதவுங்கள் ????,Tamil,Electricity,Critical,Pleading,Ward_07
GRV-2024-101583,no supply at all in public garden,English,Water Supply,Critical,Angry,Ward_04
GRV-2024-102404,PRK DRK,Hinglish,Public Parks & Infrastructure,Low,Panic,Ward_18
GRV-2024-100497,beside ATM transformer blasted during festival crowd,English,Electricity,Critical,Angry,Ward_21
GRV-2024-102480,कल शाम से अस्पताल के सामने आवारा कुत्ते बच्चों के पीछे भाग रहे हैं,Hindi,Public Parks & Infrastructure,Low,Frustrated,Ward_15
GRV-2024-100471,TR GR GY,English,Electricity,Critical,Angry,Ward_09
GRV-2024-100246,स्थिति बहुत खराब है खंभा गिर गया,Hindi,Electricity,Critical,Angry,Ward_05
GRV-2024-100923,emergency hai waterlogging ke baad manhole khula hai,Hinglish,Roads & Traffic,Low,Panic,Ward_18
GRV-2024-101131,festival bheed me divider otot gaya hai,Hinglish,Roads & Traffic,Low,Frustrated,Ward_15
GRV-2024-100670,nangi taar latak rahi hai railway crossing pe ????,Hinglish,Electricity,Critical,Frustrated,Ward_09
GRV-2024-100916,Traffic jam,Tamil,Roads & Traffic,Medium,Frustrated,Ward_13
GRV-2024-101414,தண்ணீர் வரவில்லை காய்கறி சந்தை அருகில்,Tamil,Water Supply,High,Angry,Ward_24
GRV-2024-101606,गंदा पानी आ रहा है सरकारी स्कूल के पास त्योहार की भीड़ में,Hindi,Water Supply,Medium,Frustrated,Ward_12
GRV-2024-100402,transformer blast ho gaya market road pe,Hinglish,Electricity,High,Frustrated,Ward_21
GRV-2024-101103,ম্যানহোল খোলা সবজি বাজারের কাছে,Bengali,Roads & Traffic,High,Frustrated,Ward_24
GRV-2024-102072,dead animal smelling bad beside hospital,English,Sanitation & Waste,Low,Frustrated,Ward_15
GRV-2024-100719,main market road collapsed,English,Roads & Traffic,High,Frustrated,Ward_19
GRV-2024-102011,mr jnwr pda h hsptal k bgl m,Hinglish,Sanitation & Waste,High,Frustrated,Ward_24
GRV-2024-102436,கனமழைக்கு பின் பஸ் ஸ்டாண்ட் அருகில் பூங்கா விளக்குகள் எரியவில்லை ஆபத்து,Tamil,Public Parks & Infrastructure,Medium,Frustrated,Ward_18
GRV-2024-100196,TAAR GIR GAYA,English,Electricity,Low,Panic,Ward_03
GRV-2024-100891,धोका आहे सिग्नल बंद आहे ATM जवळ रात्रीच्या वेळी,Marathi,Roads & Traffic,Critical,Frustrated,Ward_14
GRV-2024-101264,bohot bda gddh bn gay pipln khd k bd mtr sttin k pss,Hinglish,Roads & Traffic,Critical,Panic,Ward_16
GRV-2024-101034,TERRIBLE SITUATION IN SLUM AREA MAIN MARKET ROAD COLLAPSED,English,Roads & Traffic,High,Panic,Ward_07
GRV-2024-101325,BESIDE APARTMENT TOWER EXTREMEYL LOW PRESSURE,English,Water Supply,High,Panic,Ward_29
GRV-2024-100509,Koi action yku nahi le raha kal shaam se road pe current aa raha hai sabzi mandi ke paas,Hinglish,Electricity,High,Frustrated,Ward_11
GRV-2024-101427,बिजली कटौती के दौरान प्रेशर बहुत कम है,Hindi,Water Supply,Medium,Panic,Ward_03
GRV-2024-100194,पूरे इलाके में अंधेरा है ट्रैफिक चौराहे पर!!!,Hindi,Electricity,Critical,Panic,Ward_05
GRV-2024-101179,diggng lft nfnshd nar vgetabl mrkt ????,English,Roads & Traffic,Critical,Frustrated,Ward_24
GRV-2024-102032,macchar bohot ho gaye kal shaam se ????,Hinglish,Sanitation & Waste,Critical,Frustrated,Ward_03
GRV-2024-100932,निर्माण कार्य के बाद सड़क नीचे जा रही है बस स्टैंड के पास,Hindi,Roads & Traffic,Low,Panic,Ward_05
GRV-2024-101124,तूफान के दौरान सड़क पर कीचड़ है अपार्टमेंट के पास,Hindi,Roads & Traffic,High,Panic,Ward_17
GRV-2024-101822,dead animal smelling bad please check immediately after construction work,English,Sanitation & Waste,Medium,Frustrated,Ward_12
GRV-2024-101366,রেলওয়ে ক্রসিংয়ের কাছে জলের প্রেসার কম দয়া করে সাহায্য করুন,Bengali,Water Supply,High,Frustrated,Ward_04
GRV-2024-101992,dead animal semlling bad near railway crossing,English,Sanitation & Waste,Medium,Frustrated,Ward_19
GRV-2024-101258,রাস্তা ধসে গেছে বাস স্ট্যান্ডের কাছে,Bengali,Roads & Traffic,High,Frustrated,Ward_25
GRV-2024-102274,park lights are completely broken during the storm beside hospital ????,English,Public Parks & Infrastructure,Critical,Frustrated,Ward_02
GRV-2024-101273,sr pls help trffc sgnal s ded near ptrol pmp,English,Roads & Traffic,High,Panic,Ward_02
GRV-2024-101936,in slum area garbage overflowing on roda,English,Sanitation & Waste,High,Frustrated,Ward_08
GRV-2024-101266,KHD K CHHD DIY MNDIR K BHR,Hinglish,Roads & Traffic,Medium,Panic,Ward_22
GRV-2024-100772,URGENT after heavy rain digging left unfinished,English,Roads & Traffic,Critical,Angry,Ward_15
GRV-2024-101608,why is nobody listening sewage mixed with drinking water,English,Water Supply,High,Pleading,Ward_02
GRV-2024-101311,tanker did nto come Terrible situation,English,Water Supply,High,Frustrated,Ward_11
GRV-2024-100134,FESTIVAL BHEED ME ROAD PE CURRENT AA RAHA HAI ATM KE SAAMNE,Hinglish,Electricity,Medium,Angry,Ward_18
GRV-2024-101855,ARRE YAAR SEWER LINE BLOCK HO GAYI HOSPITAL KE ABGAL ME BAARISH KE BAAD,Hinglish,Sanitation & Waste,Critical,Panic,Ward_13
GRV-2024-102399,aj chnk slm r m awry ktte peche pd rah!!!,Hinglish,Public Parks & Infrastructure,Critical,Frustrated,Ward_21
GRV-2024-100420,meter box caught fire suddenly today beside hospital!!!,English,Electricity,Critical,Frustrated,Ward_26
GRV-2024-101755,metro station ke pass sewer line block ho gayi baarish ke baad,Hinglish,Sanitation & Waste,Critical,Panic,Ward_28
GRV-2024-100707,traffic signal is dead near govt school!!!,English,Roads & Traffic,Critical,Panic,Ward_02
GRV-2024-100093,Emergency hai khamab gir gaya coaching center ke bahar!!,Hinglish,Electricity,Critical,Angry,Ward_11
GRV-2024-100056,puri colony me andhera hai toofan ke time Koi sun lo,Hinglish,Electricity,Medium,Frustrated,Ward_29
GRV-2024-100218,AFTER WATERLOGGING ENTIER AREA IS DARK NEAR BUS STAND!!,English,Electricity,Critical,Panic,Ward_15
GRV-2024-101036,सड़क नीचे जा रही है एटीएम के सामने!!,Hindi,Roads & Traffic,Critical,Frustrated,Ward_11
GRV-2024-101293,sgnl khrb pda ha dry bth ke pss!!!,Hinglish,Roads & Traffic,Critical,Frustrated,Ward_16
GRV-2024-101952,Completely unacceptable gutter overflowing into houses near petrol pump,English,Sanitation & Waste,High,Neutral,Ward_18
GRV-2024-101449,during power cut tanker did not come near govt cshool,English,Water Supply,Low,Frustrated,Ward_20
GRV-2024-102359,Gym broken ????,Hindi,Public Parks & Infrastructure,Critical,Neutral,Ward_23
GRV-2024-101465,smlly wtr,Hinglish,Water Supply,Critical,Frustrated,Ward_06
GRV-2024-100298,during the storm short circuit happened,English,Electricity,High,Angry,Ward_27
GRV-2024-102177,near gotv school public toilet has no water,English,Public Parks & Infrastructure,Low,Panic,Ward_02
GRV-2024-100178,completely unacceptable heavy spark from transformer near petrol pump during power cut!!,English,Electricity,Critical,Neutral,Ward_02
GRV-2024-101187,slippery mud everywhere in public garden,English,Roads & Traffic,High,Angry,Ward_14
GRV-2024-101472,Bachao kichad wala paani aa raha hospital ke bagal me,Hinglish,Water Supply,Critical,Frustrated,Ward_01
GRV-2024-100188,nng tar ltk rh h pwr ct k tim market rd p,Hinglish,Electricity,High,Panic,Ward_24
GRV-2024-100572,சாலையில் மின்சாரம் பரவுகிறது கோவில் வெளியே,Tamil,Electricity,Critical,Panic,Ward_03
GRV-2024-100433,ARRE YR PR CLNY M NDHER HI J ACHNK ????,Hinglish,Electricity,Critical,Angry,Ward_17
GRV-2024-100518,garden me meter me aag lag gayi!!,Hinglish,Electricity,Critical,Frustrated,Ward_23
GRV-2024-102346,fesitval bheed me Emergency hai slum area me public toilet me paani nahi!!!,Hinglish,Public Parks & Infrastructure,Critical,Angry,Ward_21
GRV-2024-102271,jhoole toot gaye hain atm ke saamne,Hinglish,Public Parks & Infrastructure,High,Angry,Ward_24
GRV-2024-101084,রাস্তা ধসে গেছে দয়া করে সাহায্য করুন,Bengali,Roads & Traffic,High,Frustrated,Ward_01
GRV-2024-101288,khod ke chhod diya bus stand ke waha,Hinglish,Roads & Traffic,Critical,Frustrated,Ward_06
GRV-2024-101123,SLIPPERY MUD EVERYWHERE AFTER PIPELINE DIGGING OUTSIDE TEMPLE,English,Roads & Traffic,Critical,Panic,Ward_17
GRV-2024-101341,nl skh gay pipln khda k bd partment k bgal me Bh,Hinglish,Water Supply,High,Frustrated,Ward_02
GRV-2024-102256,রাস্তার কুকুর মন্দিরের বাইরে,Bengali,Public Parks & Infrastructure,Low,Panic,Ward_14
GRV-2024-101490,टैंकर नहीं आया तूफान के दौरान रेलवे क्रॉसिंग के पास,Hindi,Water Supply,Critical,Frustrated,Ward_08
GRV-2024-100043,short circuit happened since yesterday evening near bus stand,English,Electricity,Critical,Panic,Ward_27
GRV-2024-101878,MACCHR BOHT H GY METR STATN K PSS!!!,Hinglish,Sanitation & Waste,Critical,Angry,Ward_28
GRV-2024-100450,சாலையில் மின்சாரம் பரவுகிறது மருத்துவமனை முன்,Tamil,Electricity,Medium,Panic,Ward_07
GRV-2024-102045,look at this otxic smoke from garbage during festival crowd!!,English,Sanitation & Waste,Critical,Pleading,Ward_03
GRV-2024-100044,ROAD PE CURRENT AA RAHA HAI COLOYN GATE PAR,Hinglish,Electricity,Critical,Panic,Ward_27
GRV-2024-101283,बिजली कटौती के दौरान डेयरी बूथ के पास मैनहोल खुला है,Hindi,Roads & Traffic,High,Frustrated,Ward_01
GRV-2024-101967,raat ke time sfaai nahi hui coaching center ke bahar,Hinglish,Sanitation & Waste,High,Frustrated,Ward_27
GRV-2024-102090,MRGNCY HI SAF NH H TRFFIC CHURH PE,Hinglish,Sanitation & Waste,High,Panic,Ward_01
GRV-2024-100254,ट्रांसफार्मर में आग लग गई अस्पताल के सामने,Hindi,Electricity,High,Panic,Ward_21
GRV-2024-101945,Smell,Tamil,Sanitation & Waste,High,Panic,Ward_02
GRV-2024-101874,கழிவுநீர் வீட்டிற்குள் மின்வெட்டின் போது அரசு பள்ளி அருகில்,Tamil,Sanitation & Waste,Low,Panic,Ward_20
GRV-2024-101862,emergency hai kachre se dhuaan aa raha railway crossing pe power cut ke time!!!,Hinglish,Sanitation & Waste,Critical,Panic,Ward_10
GRV-2024-100564,pole fell down during the storm at traffic sqaure ????,English,Electricity,Critical,Frustrated,Ward_19
GRV-2024-100212,CRRNT SPRDING N RAD FTR CONSTRCTION WORK N PBLC GRDN,English,Electricity,Low,Panic,Ward_11
GRV-2024-100866,SLPPRY MD VRYWHR TSID CCHNG CENTR,English,Roads & Traffic,Critical,Angry,Ward_17
GRV-2024-100742,Jaldi dekho garden me manhole khula hai,Hinglish,Roads & Traffic,High,Panic,Ward_22
GRV-2024-101251,Emergency hai signal kharab pada hai metro station ke pass,Hinglish,Roads & Traffic,High,Frustrated,Ward_18
GRV-2024-101047,rod pr dhans gy piplne khudai k bd,Hinglish,Roads & Traffic,Medium,Frustrated,Ward_17
GRV-2024-101736,Tanker needed ????,Hindi,Water Supply,Critical,Angry,Ward_24
GRV-2024-101017,khod ke chhd dy cchng centr k bhr,Hinglish,Roads & Traffic,High,Panic,Ward_08
GRV-2024-100170,मीटर बॉक्स जल गया अपार्टमेंट के पास,Hindi,Electricity,High,Frustrated,Ward_15
GRV-2024-102096,KACHRE SE DUHAAN AA RAHA MANDIR KE BAHAR ????,Hinglish,Sanitation & Waste,Critical,Panic,Ward_03
GRV-2024-102487,gym k sman toot gay wtrlggng k bd slm r m,Hinglish,Public Parks & Infrastructure,High,Angry,Ward_05
GRV-2024-102217,gym brokne,English,Public Parks & Infrastructure,Critical,Angry,Ward_19
GRV-2024-101797,gutter overflowing into houses near bus stand,English,Sanitation & Waste,Low,Frustrated,Ward_06
GRV-2024-100544,ट्रांसफार्मर से स्पार्किंग हो रही है रेलवे क्रॉसिंग के पास,Hindi,Electricity,Low,Frustrated,Ward_06
GRV-2024-101221,पाणी साचल्यानंतर ATM जवळ मोठा खड्डा पडला आहे,Marathi,Roads & Traffic,Medium,Panic,Ward_01
GRV-2024-100463,खांब पडला रेल्वे क्रॉसिंगजवळ,Marathi,Electricity,High,Panic,Ward_15
GRV-2024-100988,TTNTION RD SNKNG TSD TEMPL FTER WATERLOGGNG,English,Roads & Traffic,High,Angry,Ward_20
GRV-2024-101321,on market road during power cut extremely low pressure,English,Water Supply,High,Frustrated,Ward_16
GRV-2024-100602,ट्रान्सफॉर्मरचा स्फोट झाला,Marathi,Electricity,High,Angry,Ward_05
GRV-2024-101336,नल सूखे हैं रेलवे क्रॉसिंग के पास,Hindi,Water Supply,Low,Panic,Ward_22
GRV-2024-102339,Terrible situation open gym equipment damaged at traffic square,English,Public Parks & Infrastructure,Medium,Angry,Ward_02
GRV-2024-101260,सर मदद करें सड़क नीचे जा रही है,Hindi,Roads & Traffic,High,Frustrated,Ward_02
GRV-2024-102114,TOXIC SMOKE FROM GARBAGE SINCE YESTERDAY EVENING NEAR DAIRY BOOTH!!!,English,Sanitation & Waste,Critical,Panic,Ward_14
GRV-2024-100807,baarish ke baad road pura dhans gaya metro station ke pass,Hinglish,Roads & Traffic,Critical,Panic,Ward_25
GRV-2024-100886,গতকাল সন্ধ্যা থেকে রাস্তায় জল জমেছে রেলওয়ে ক্রসিংয়ের কাছে,Bengali,Roads & Traffic,High,Neutral,Ward_12
GRV-2024-101582,पाणी येत नाहीये मुसळधार पावसानंतर रुग्णालयासमोर!!,Marathi,Water Supply,Critical,Panic,Ward_28
GRV-2024-101614,at colony gate sewgae mixed with drinking water,English,Water Supply,Medium,Angry,Ward_21
GRV-2024-101837,mosquitoes breeding in stagnant water Kids are in dagner after heavy rain ????,English,Sanitation & Waste,Critical,Neutral,Ward_04
GRV-2024-101873,COMPLETELY UNACCEPTABLE GUTTER OVERFLOWING INTO HOUSES AT COLONY GATE,English,Sanitation & Waste,High,Panic,Ward_17
GRV-2024-100282,bachao apartment ke bagal me puri colony me andhera hai,Hinglish,Electricity,Low,Angry,Ward_25
GRV-2024-100210,pole fell down in slum area ????,English,Electricity,Critical,Angry,Ward_19
GRV-2024-100111,trnsfrmr xpldd besid hsptl,English,Electricity,Medium,Frustrated,Ward_21
GRV-2024-101920,kachra road par fail raha atm ke saamne ????,Hinglish,Sanitation & Waste,Critical,Frustrated,Ward_26
GRV-2024-102165,Look at this public toilet has no water near bus stand after heavy rain!!,English,Public Parks & Infrastructure,Critical,Angry,Ward_18
GRV-2024-100457,khamba gir gaya,Hinglish,Electricity,High,Frustrated,Ward_01
GRV-2024-100819,உதவி மின்வெட்டின் போது சாலை முற்றிலும் இடிந்தது ஏடிஎம் அருகில்,Tamil,Roads & Traffic,High,Panic,Ward_20
GRV-2024-102184,BAARISH KE BAAD PUBLIC TOILET ME PAANI NAHI RAILWAY CROSSING PE,Hinglish,Public Parks & Infrastructure,High,Panic,Ward_10
GRV-2024-101655,pplne brst sddnly ftr pplin dgging nr gvt schol,English,Water Supply,High,Frustrated,Ward_16
GRV-2024-100252,entire area is dark at night time beside apartment tower,English,Electricity,High,Neutral,Ward_03
GRV-2024-100251,கட்டுமான பணிக்கு பின் மீட்டர் பெட்டியில் தீ உதவி,Tamil,Electricity,Medium,Neutral,Ward_23
GRV-2024-101539,tanker did not come in slum area,English,Water Supply,High,Frustrated,Ward_08
GRV-2024-102129,during power cut no sweeping done at colony gate,English,Sanitation & Waste,High,Pleading,Ward_27
GRV-2024-101926,KACHRE SE DUHAAN AA RAHA GARDEN ME!!!,Hinglish,Sanitation & Waste,Critical,Angry,Ward_01
GRV-2024-101018,SLUM R M SGNL KHRB PD HA,Hinglish,Roads & Traffic,High,Angry,Ward_08
GRV-2024-100422,short circuit ho gaya bus stand ke waha power cut ke time Arre yaar,Hinglish,Electricity,Low,Panic,Ward_23
GRV-2024-101175,HG POTHL CAUSD CCDNT NRA GVT SCHOL,English,Roads & Traffic,Critical,Angry,Ward_06
GRV-2024-100620,near dairy booth pole fell down after pipeline digging Emergenyc,English,Electricity,High,Angry,Ward_07
GRV-2024-100173,construction ke baad transformer udd gaya traffic chauraha pe,Hinglish,Electricity,Medium,Neutral,Ward_29
GRV-2024-100486,SPARKING!!,Hindi,Electricity,High,Panic,Ward_28
GRV-2024-101985,gttr vrflowng nt hss tsid templ,English,Sanitation & Waste,Critical,Panic,Ward_17
GRV-2024-101080,MNHLE KHL HA GVT SCHL EK PASS,Hinglish,Roads & Traffic,High,Panic,Ward_02
GRV-2024-101117,सड़क पूरी तरह धंस गई है रात के समय बाजार की सड़क पर,Hindi,Roads & Traffic,Low,Panic,Ward_15
GRV-2024-101357,outside temple Kids are in danger tap is dry,English,Water Supply,High,Angry,Ward_24
GRV-2024-101041,traffic signal is dead Why is nobody listening suddenly tdoay,English,Roads & Traffic,High,Frustrated,Ward_09
GRV-2024-101090,sgnl khrb pad ha petrl pump k pss ????,Hinglish,Roads & Traffic,Critical,Frustrated,Ward_25
GRV-2024-101355,baarish ke baad tanker nahi aaya apartment ke bagal me,Hinglish,Water Supply,High,Frustrated,Ward_15
GRV-2024-100211,TRANSFORMER EXPLODED AT COLONY GATE,English,Electricity,High,Panic,Ward_05
GRV-2024-100613,transformer blast ho gaya railway crossing pe sir pls,Hinglish,Electricity,High,Panic,Ward_10
GRV-2024-102149,இறந்த விலங்கு ஏடிஎம் அருகில்!!,Tamil,Sanitation & Waste,Critical,Panic,Ward_04
GRV-2024-100464,trnsfrmr s chngr  rh kl sham s,Hinglish,Electricity,High,Pleading,Ward_12
GRV-2024-101467,जलभराव के बाद पीने के पानी में सीवर का पानी,Hindi,Water Supply,High,Angry,Ward_26
GRV-2024-100554,durng powr ct bsid hspital crrnt sprdng n rod,English,Electricity,Critical,Panic,Ward_08
GRV-2024-100907,manhle khul h barsh k bd,Hinglish,Roads & Traffic,Medium,Frustrated,Ward_07
GRV-2024-100993,खतरा है डिवाइडर टूट गया है!!,Hindi,Roads & Traffic,Critical,Pleading,Ward_25
GRV-2024-101968,GUTTER OVERFLOW,Hinglish,Sanitation & Waste,High,Angry,Ward_01
GRV-2024-101788,बिजली कटौती के दौरान सीवर लाइन जाम है बस स्टैंड के पास,Hindi,Sanitation & Waste,Critical,Frustrated,Ward_22
GRV-2024-101598,TERRIBLE SITUATION DURING FESTIVAL CROWD TANKER DID NOT COME BESIED ATM!!!,English,Water Supply,Critical,Panic,Ward_14
GRV-2024-100096,petrol pump ke pass taar toot ke gir gaya pls help jaldi,Hinglish,Electricity,High,Angry,Ward_01
GRV-2024-101964,gutter ka paani ghar me aa raha Pls help jalid ????,Hinglish,Sanitation & Waste,Critical,Angry,Ward_22
GRV-2024-101364,nl skh gy mndr k bhar,Hinglish,Water Supply,High,Frustrated,Ward_12
GRV-2024-101924,KACHRA RAOD PAR FAIL RAHA COLONY GATE PAR!!,Hinglish,Sanitation & Waste,Critical,Panic,Ward_02
GRV-2024-100611,nangi taar latak rahi hai coaching center ke bahar,Hinglish,Electricity,High,Panic,Ward_28
GRV-2024-100445,taar toot ke gir gaya garden me,Hinglish,Electricity,Critical,Panic,Ward_15
GRV-2024-100237,transformer blasted after waterlogging,English,Electricity,Critical,Panic,Ward_01
GRV-2024-102310,Jhoole rboken,English,Public Parks & Infrastructure,Medium,Angry,Ward_28
GRV-2024-100873,man mrkt rd collpsd,English,Roads & Traffic,Critical,Angry,Ward_11
GRV-2024-102497,பூங்கா விளக்குகள் எரியவில்லை கோவில் வெளியே,Tamil,Public Parks & Infrastructure,Critical,Neutral,Ward_11
GRV-2024-102054,गटार तुंबले आहे मुख्य चौकात,Marathi,Sanitation & Waste,High,Angry,Ward_10
GRV-2024-101673,ঘোলা জল আসছে হাসপাতালের সামনে,Bengali,Water Supply,High,Frustrated,Ward_26
GRV-2024-102122,Gttr vrflw,English,Sanitation & Waste,High,Angry,Ward_29
GRV-2024-100839,terrbl sttn slippry md evrywhre t trffic sqr!!,English,Roads & Traffic,Critical,Frustrated,Ward_27
GRV-2024-100581,OUTSIDE COACHING CENTER CURRENT SPREADING ON ROAD!!,English,Electricity,Critical,Angry,Ward_14
GRV-2024-101281,PAANI BHAR GAYA PURA BUS STAND KE WAHA,Hinglish,Roads & Traffic,High,Angry,Ward_08
GRV-2024-100979,PLEASE CHECK IMMEDIATELY OPEN MANHOLE OUTSIDE COACHING CENTER,English,Roads & Traffic,Critical,Angry,Ward_11
GRV-2024-100790,पाइपलाइन खुदाई के बाद एटीएम के सामने सड़क पूरी तरह धंस गई है,Hindi,Roads & Traffic,Critical,Angry,Ward_06
GRV-2024-100841,durng fstivl crwd bsd hsptal min mrkt rd cllpsd,English,Roads & Traffic,High,Pleading,Ward_11
GRV-2024-100482,TRANSFORMER SE CHINGARI AA RAHI PIPELINE KHUDAI KE BAAD SABZI MANDI KE PAAS,Hinglish,Electricity,High,Angry,Ward_25
GRV-2024-101910,Nl block!!!,Hinglish,Sanitation & Waste,Critical,Panic,Ward_09
GRV-2024-100621,bachao power cut ke time puri colony me andhera hai govt school ke pass,Hinglish,Electricity,Critical,Angry,Ward_05
GRV-2024-101502,சேற்று நீர் வருகிறது மின்வெட்டின் போது ரயில்வே கிராசிங் அருகில்,Tamil,Water Supply,High,Panic,Ward_16
GRV-2024-100332,pr clny me ndhra h powr cut k tm trffic chrah p,Hinglish,Electricity,Critical,Angry,Ward_15
GRV-2024-100478,FTR WTLRGGNG CRRENT SPRDNG N RD T COLNY GT,English,Electricity,Critical,Panic,Ward_01
GRV-2024-101494,kchd wl pan a rha partmetn k bgl me,Hinglish,Water Supply,High,Angry,Ward_12
GRV-2024-100507,ट्रांसफार्मर फट गया बिजली कटौती के दौरान कोचिंग सेंटर के बाहर,Hindi,Electricity,High,Frustrated,Ward_13
GRV-2024-101450,Ganda paani,Hindi,Water Supply,High,Frustrated,Ward_03
GRV-2024-102423,தெரு நாய்கள் அரசு பள்ளி அருகில்,Tamil,Public Parks & Infrastructure,High,Frustrated,Ward_15
GRV-2024-100643,nr rlwy crssing trnsfrmer xplodd Terrbl statn,English,Electricity,Critical,Frustrated,Ward_14
GRV-2024-100480,koi sun lo transformer se chingari aa rahi colony gate par construction ke baad!!,Hinglish,Electricity,Critical,Panic,Ward_26
GRV-2024-101455,नल सूखे हैं कॉलोनी गेट पर,Hindi,Water Supply,High,Panic,Ward_06
GRV-2024-102394,Dogs in park,Hindi,Public Parks & Infrastructure,Critical,Panic,Ward_16
GRV-2024-101011,मॅनहोल उघडे आहे शाळेजवळ,Marathi,Roads & Traffic,High,Angry,Ward_15
GRV-2024-100764,KOI SUN LO BOHOT BADA GADDHA BAN GAYA,Hinglish,Roads & Traffic,Critical,Angry,Ward_12
GRV-2024-101289,manhole khula hai railway crossing pe,Hinglish,Roads & Traffic,Medium,Panic,Ward_28
GRV-2024-101223,nar rlway crossing dgging lft nfinshd,English,Roads & Traffic,High,Angry,Ward_04
GRV-2024-101333,சேற்று நீர் வருகிறது ஏடிஎம் அருகில்,Tamil,Water Supply,High,Frustrated,Ward_09
GRV-2024-100617,Current lak,English,Electricity,Low,Angry,Ward_28
GRV-2024-100521,ralwy crossng p khamb gr gy,Hinglish,Electricity,Critical,Frustrated,Ward_03
GRV-2024-100582,bijli gayi,Hinglish,Electricity,High,Frustrated,Ward_24
GRV-2024-101058,near bus stnad main market road collapsed look at this!!!,English,Roads & Traffic,Critical,Frustrated,Ward_14
GRV-2024-101406,SMELLY WATER,Hindi,Water Supply,High,Panic,Ward_17
GRV-2024-100296,TERRBLE STATN AFTR CNSTRCTON WORK TRANSFRMER BLSTD NAR METR STTN,English,Electricity,Low,Angry,Ward_17
GRV-2024-102442,Dgs n park,English,Public Parks & Infrastructure,High,Frustrated,Ward_09
GRV-2024-101061,RD NDR J RH H COLNY GT PR WTRLGGING K BD,Hinglish,Roads & Traffic,Critical,Angry,Ward_15
GRV-2024-100857,Manhole open!!!,English,Roads & Traffic,Critical,Pleading,Ward_14
GRV-2024-101692,कोई सुन क्यों नहीं रहा रात के समय पानी बिल्कुल नहीं आ रहा,Hindi,Water Supply,Critical,Neutral,Ward_15
GRV-2024-100407,METER BOX CAUGHT FIRE NEAR METRO STATION,English,Electricity,Critical,Panic,Ward_17
GRV-2024-101078,ভারী বৃষ্টির পর জরুরী রাস্তায় জল জমেছে!!!,Bengali,Roads & Traffic,Critical,Panic,Ward_15
GRV-2024-101083,রাস্তায় জল জমেছে রেলওয়ে ক্রসিংয়ের কাছে!!!,Bengali,Roads & Traffic,Critical,Frustrated,Ward_01
GRV-2024-100168,तूफान के दौरान खंभा गिर गया ट्रैफिक चौराहे पर,Hindi,Electricity,High,Pleading,Ward_18
GRV-2024-102180,जिमचे साहित्य खराब!!!,Marathi,Public Parks & Infrastructure,Critical,Panic,Ward_21
GRV-2024-100239,तार तुटून पडली आहे मंडईजवळ,Marathi,Electricity,Critical,Panic,Ward_03
GRV-2024-102305,रास्ते की टाइलें गायब हैं कल शाम से सब्जी मंडी के पास,Hindi,Public Parks & Infrastructure,High,Angry,Ward_29
GRV-2024-101997,அரசு பள்ளி அருகில் சாக்கடை அடைப்பு நேற்று மாலை முதல் ஐயா தயவுசெய்து உதவுங்கள்,Tamil,Sanitation & Waste,High,Frustrated,Ward_25
GRV-2024-101901,তাড়াতাড়ি আসুন ময়লা পোড়ানো ধোঁয়া মন্দিরের বাইরে,Bengali,Sanitation & Waste,High,Panic,Ward_12
GRV-2024-101050,OUTSIDE COACHING CENTER PLEASE CHECK IMMEDIATELY SLIPPERY MUD EVERYWHERE,English,Roads & Traffic,High,Angry,Ward_07
GRV-2024-101912,DURING HTE STORM SIR PLS HELP MOSQUITOES BREEDING IN STAGNANT WATER!!,English,Sanitation & Waste,Critical,Panic,Ward_21
GRV-2024-101867,এটিএম এর সামনে মশা বাড়ছে ????,Bengali,Sanitation & Waste,Critical,Angry,Ward_21
GRV-2024-102095,Emergency hai sewer line block ho gayi hospital ke bagal me,Hinglish,Sanitation & Waste,High,Panic,Ward_24
GRV-2024-100522,BAARISH KE BAAD SHORT CIRCUIT HO GAYA BUS STAND KE WAHA,Hinglish,Electricity,Critical,Panic,Ward_29
GRV-2024-101737,रेलवे क्रॉसिंग के पास पानी बिल्कुल नहीं आ रहा,Hindi,Water Supply,High,Frustrated,Ward_21
GRV-2024-102472,apartment ke bagal me tiles gayab hain path se construction ke baad koi action kyu nahi le raha,Hinglish,Public Parks & Infrastructure,High,Frustrated,Ward_04
GRV-2024-101847,mosquitoes breeding in stagnant water near vegetable market,English,Sanitation & Waste,Critical,Frustrated,Ward_16
GRV-2024-102368,tofan ke tme hspital ke bagal m prk jangl bn gy h,Hinglish,Public Parks & Infrastructure,High,Frustrated,Ward_16
GRV-2024-102249,missng tls n pthwy!!!,English,Public Parks & Infrastructure,Critical,Frustrated,Ward_18
GRV-2024-101883,kal shaam se amra janwar pada hai ????,Hinglish,Sanitation & Waste,Critical,Frustrated,Ward_07
GRV-2024-101511,DRY TPS,Hinglish,Water Supply,High,Angry,Ward_02
GRV-2024-101459,भारी बारिश के बाद टैंकर नहीं आया,Hindi,Water Supply,Medium,Neutral,Ward_23
GRV-2024-101938,toxic smoke from garbage beside apartment tower,English,Sanitation & Waste,High,Panic,Ward_14
GRV-2024-101723,नल सूखे हैं मंदिर के बाहर,Hindi,Water Supply,Critical,Panic,Ward_22
GRV-2024-102025,toxic smoke from garbage near govt school,English,Sanitation & Waste,High,Neutral,Ward_18
GRV-2024-101607,tankr nh y clny gat pr,Hinglish,Water Supply,High,Panic,Ward_02
GRV-2024-101977,कचरा सड़क पर फैल रहा है एटीएम के सामने खतरा है,Hindi,Sanitation & Waste,High,Panic,Ward_02
GRV-2024-100508,crrnt lk,English,Electricity,High,Panic,Ward_20
GRV-2024-100632,transformer blasted during festival crowd outside temple ????,English,Electricity,Critical,Frustrated,Ward_18
GRV-2024-100915,traffic signal is dead beside hospital,English,Roads & Traffic,Medium,Frustrated,Ward_02
GRV-2024-100259,Current leak,Bengali,Electricity,High,Frustrated,Ward_12
GRV-2024-101395,garden me paani aa hi nahi raha,Hinglish,Water Supply,Low,Angry,Ward_02
GRV-2024-102295,prk lights r cmpltly brkn ftr ppelin dggng utsid cochng centr,English,Public Parks & Infrastructure,Critical,Frustrated,Ward_03
GRV-2024-102321,JALDI DEKHO JHOOLE TOOT GAYE HAIN COLONY GATE PAR FESTIVAL BHEED ME,Hinglish,Public Parks & Infrastructure,Low,Angry,Ward_04
GRV-2024-100802,look at this watrelogging on street outside temple during the storm,English,Roads & Traffic,Low,Frustrated,Ward_22
GRV-2024-101935,AFTER WATERLOGGING GUTTER OVERLFOWING INTO HOUSES BESIDE ATM,English,Sanitation & Waste,Critical,Angry,Ward_25
GRV-2024-101196,রাস্তা খোঁড়াখুঁড়ি পড়ে আছে মেট্রো স্টেশনের কাছে,Bengali,Roads & Traffic,High,Frustrated,Ward_05
GRV-2024-101944,toofan ke time kachra road par fail raha colony gate par,Hinglish,Sanitation & Waste,Critical,Panic,Ward_21
GRV-2024-100756,ROAD SINKING AT TRAFFIC SQUARE,English,Roads & Traffic,High,Panic,Ward_27
GRV-2024-100801,signal kharab pada hai power cut ke time garden me!!,Hinglish,Roads & Traffic,Critical,Panic,Ward_08
GRV-2024-100233,Tr gr gay,Hinglish,Electricity,High,Angry,Ward_03
GRV-2024-101514,ppln khd k bd tnkr nahi aya,Hinglish,Water Supply,High,Pleading,Ward_20
GRV-2024-100940,diggnig left unfinished beside hospital,English,Roads & Traffic,Critical,Frustrated,Ward_02
GRV-2024-100998,hg pthl csed ccdent tsde temple,English,Roads & Traffic,High,Panic,Ward_26
GRV-2024-101102,WHY IS NOBDY LSTNNG FTR WTRLGGNG TRFFIC SIGNL S DEAD TSD CCHNG CENTR,English,Roads & Traffic,Low,Angry,Ward_01
GRV-2024-101463,AFTER WTRLGGNG XTREMELY LW PRESSR BSD PARTMNT TWER,English,Water Supply,Low,Panic,Ward_10
GRV-2024-101876,toxic smoke from garbage at traffic square!!,English,Sanitation & Waste,Critical,Neutral,Ward_19
GRV-2024-101225,ROAD SIKNING,English,Roads & Traffic,Medium,Angry,Ward_15
GRV-2024-100324,NEAR PETROL PUMP LIVE WIRE HANGING,English,Electricity,High,Panic,Ward_29
GRV-2024-101763,sewer line blocked during power cut in slum area,English,Sanitation & Waste,Critical,Frustrated,Ward_22
GRV-2024-101953,near dairy booth mosquitoes breeding in stagnant water Attention after cosntruction work,English,Sanitation & Waste,Medium,Angry,Ward_20
GRV-2024-101377,জলে দুর্গন্ধ সবজি বাজারের কাছে!!!,Bengali,Water Supply,Critical,Panic,Ward_28
GRV-2024-100100,शॉर्ट सर्किट झाले लवकर बघा,Marathi,Electricity,Critical,Neutral,Ward_03
GRV-2024-102481,Jhl broken,English,Public Parks & Infrastructure,High,Frustrated,Ward_24
GRV-2024-101340,தண்ணீரில் துர்நாற்றம் நேற்று மாலை முதல்,Tamil,Water Supply,Critical,Angry,Ward_23
GRV-2024-100387,CURRENT LEAK,Hinglish,Electricity,Critical,Angry,Ward_26
GRV-2024-101954,कृपया जल्दी देखें सीवर लाइन जाम है कॉलोनी गेट पर,Hindi,Sanitation & Waste,High,Neutral,Ward_25
GRV-2024-100179,Pls hlp jldi wtrlgging ke bad khamb gr gya,Hinglish,Electricity,High,Frustrated,Ward_26
GRV-2024-101694,tnkr ndd,English,Water Supply,Low,Panic,Ward_08
GRV-2024-101662,NEAR RAILWAY CROSSING TAP IS DRY KIDS ARE IN DANGER!!,English,Water Supply,Critical,Panic,Ward_19
GRV-2024-101304,clony gt pr ppln fatt gyi,Hinglish,Water Supply,High,Angry,Ward_05
GRV-2024-100927,Gaddha ????,English,Roads & Traffic,Critical,Panic,Ward_17
GRV-2024-101430,paani aa hi nahi raha apartment ke bagal me!!,Hinglish,Water Supply,Critical,Neutral,Ward_24
GRV-2024-102268,jhoole broken ????,English,Public Parks & Infrastructure,Critical,Frustrated,Ward_07
GRV-2024-100141,beside hospital high tension line broke after heavy rain,English,Electricity,Critical,Panic,Ward_16
GRV-2024-100368,havy sprk frm trnsformr ftr hvy rin ner dry bth,English,Electricity,High,Panic,Ward_26
GRV-2024-102445,रास्ते की टाइलें गायब हैं मंदिर के बाहर,Hindi,Public Parks & Infrastructure,High,Frustrated,Ward_28
GRV-2024-101085,baarish ke baad Emergency hai sabzi mandi ke paas road pura dhans gaya,Hinglish,Roads & Traffic,High,Panic,Ward_26
GRV-2024-100367,tr tt k gr gy fstvl bhd m,Hinglish,Electricity,High,Panic,Ward_05
GRV-2024-101674,জলের প্রেসার কম রাতের বেলায়,Bengali,Water Supply,Low,Angry,Ward_12
GRV-2024-101044,colony gate par kichad hi kichad hai bhai,Hinglish,Roads & Traffic,Low,Frustrated,Ward_23
GRV-2024-100318,रात्रीच्या वेळी ट्रान्सफॉर्मरचा स्फोट झाला पेट्रोल पंपाजवळ,Marathi,Electricity,High,Panic,Ward_08
GRV-2024-101538,no supply at all near vegetable market,English,Water Supply,Critical,Panic,Ward_03
GRV-2024-100247,rTansformer dead,English,Electricity,Medium,Angry,Ward_24
GRV-2024-100321,METER BOX CAUGHT FIRE PLEASE CHECK IMMEDIATELY,English,Electricity,Medium,Panic,Ward_14
GRV-2024-101833,NO SWEEPING DONE AFTER WATERLOGGIGN!!,English,Sanitation & Waste,Critical,Angry,Ward_02
GRV-2024-101839,Smll,English,Sanitation & Waste,High,Frustrated,Ward_09
GRV-2024-100999,Mnhole pn,English,Roads & Traffic,Critical,Panic,Ward_08
GRV-2024-100942,बस स्टैंड के पास ट्रैफिक सिग्नल बंद है,Hindi,Roads & Traffic,High,Angry,Ward_13
GRV-2024-101772,Txc smk,Hinglish,Sanitation & Waste,High,Neutral,Ward_09
GRV-2024-100029,in slum area transformer exploded Sir pls help,English,Electricity,High,Frustrated,Ward_01
GRV-2024-101299,toofan ke time manhole khula hai dairy booth ke pass!!!,Hinglish,Roads & Traffic,Critical,Frustrated,Ward_04
GRV-2024-101993,रस्त्यावर कचरा साचला आहे,Marathi,Sanitation & Waste,High,Neutral,Ward_06
GRV-2024-101914,KACHRE SE DHUAAN AA RAHA TRAFFIC CHAURAHA PE,Hinglish,Sanitation & Waste,Critical,Panic,Ward_28
GRV-2024-100695,মন্দিরের বাইরে বিপদ রাস্তায় কারেন্ট ছড়াচ্ছে,Bengali,Electricity,Critical,Neutral,Ward_12
GRV-2024-102470,पब्लिक टॉयलेट में पानी नहीं है कोचिंग सेंटर के बाहर ????,Hindi,Public Parks & Infrastructure,Critical,Angry,Ward_11
GRV-2024-102028,कचरे से जहरीला धुआं निर्माण कार्य के बाद पेट्रोल पंप के पास,Hindi,Sanitation & Waste,High,Panic,Ward_12
GRV-2024-101600,pwer ct k tim tnkr nahi y,Hinglish,Water Supply,High,Panic,Ward_28
GRV-2024-102329,STRAY DOGS CHASING KIDS AT TRAFFIC SQUARE,English,Public Parks & Infrastructure,High,Angry,Ward_03
GRV-2024-101231,dvdr tt gy h!!!,Hinglish,Roads & Traffic,Critical,Frustrated,Ward_08
GRV-2024-102173,gym broken,English,Public Parks & Infrastructure,Medium,Angry,Ward_28
GRV-2024-101915,Emergency hai mara janwar pada hai colony gate par aaj achanak,Hinglish,Sanitation & Waste,High,Angry,Ward_06
GRV-2024-101729,Danger hai bhai tanker nahi aaya hospital ke bagal me!!,Hinglish,Water Supply,Critical,Frustrated,Ward_12
GRV-2024-101706,SDDNLY TDAY GTTNG MDDY WTR N PUBLC GRDEN,English,Water Supply,High,Panic,Ward_20
GRV-2024-101703,KICHAD WALA PAANI AA RAHA,Hinglish,Water Supply,High,Panic,Ward_02
GRV-2024-100755,मेट्रो स्टेशनजवळ मॅनहोल उघडे आहे,Marathi,Roads & Traffic,Critical,Frustrated,Ward_29
GRV-2024-101330,PAANI NAHI AA RAHA,Hindi,Water Supply,Critical,Angry,Ward_06
GRV-2024-100353,Taar gir gaya,Tamil,Electricity,Critical,Pleading,Ward_20
GRV-2024-100208,Bcho pr colny m ndhr h prtmnt k bagl me fstvl bhed m!!!,Hinglish,Electricity,Critical,Angry,Ward_16
GRV-2024-102144,kachra road par fail raha slum area me,Hinglish,Sanitation & Waste,Critical,Angry,Ward_27
GRV-2024-100903,डिवाइडर टूट गया है अपार्टमेंट के पास,Hindi,Roads & Traffic,Critical,Angry,Ward_22
GRV-2024-100952,bohot bada gaddha ban gaya,Hinglish,Roads & Traffic,Critical,Frustrated,Ward_28
GRV-2024-101337,tanker nahi aaya,Hinglish,Water Supply,High,Frustrated,Ward_21
GRV-2024-101551,tanker nahi aaya slum arae me,Hinglish,Water Supply,High,Frustrated,Ward_15
GRV-2024-101567,paani se badboo aa rahi festival bheed me mandir ke bahar,Hinglish,Water Supply,High,Frustrated,Ward_06
GRV-2024-101943,metro station ke pass Koi sun lo macchar bohot ho gaye,Hinglish,Sanitation & Waste,High,Neutral,Ward_17
GRV-2024-100485,shrt crcit h gy rlwy crssng pe,Hinglish,Electricity,High,Panic,Ward_15
GRV-2024-101629,சீக்கிரம் வாருங்கள் மின்வெட்டின் போது கோவில் வெளியே தண்ணீர் வரவில்லை,Tamil,Water Supply,High,Frustrated,Ward_02
GRV-2024-102039,kids are in danger no sweeping done at colony agte during power cut!!,English,Sanitation & Waste,Critical,Angry,Ward_10
GRV-2024-100199,खांब पडला रात्रीच्या वेळी मेट्रो स्टेशनजवळ!!!,Marathi,Electricity,Critical,Panic,Ward_06
GRV-2024-100229,त्वरित लक्ष द्या ट्रान्सफॉर्मरचा स्फोट झाला शाळेजवळ!!!,Marathi,Electricity,Critical,Frustrated,Ward_01
GRV-2024-100810,waterloggng on strt drng fstvl crwd bsde hsptl!!!,English,Roads & Traffic,Critical,Angry,Ward_08
GRV-2024-100787,during the storm traffic signal is dead beside hospital!!!,English,Roads & Traffic,Critical,Frustrated,Ward_26
GRV-2024-100410,sabzi mandi ke paas road pe current aa raha hai festiavl bheed me,Hinglish,Electricity,Critical,Panic,Ward_21
GRV-2024-100629,market road pe Emergnecy hai khamba gir gaya,Hinglish,Electricity,High,Panic,Ward_29
GRV-2024-101510,GUTTER KA PAANI MIX HO GAYA DAIRY BOOTH KE PASS AAJ ACHANAK,Hinglish,Water Supply,Critical,Angry,Ward_01
GRV-2024-100662,sohrt circuit ho gaya ????,Hinglish,Electricity,Critical,Frustrated,Ward_20
GRV-2024-102142,macchar bohot ho gaye waterlogging ke baad ATM ke saamne,Hinglish,Sanitation & Waste,Low,Angry,Ward_20
GRV-2024-101918,GUTTER KA PAANI GHAR ME AA RAHA MANDIR KE BAHAR,Hinglish,Sanitation & Waste,Critical,Angry,Ward_03
GRV-2024-102334,pblc tlt hs n water t clny gt,English,Public Parks & Infrastructure,High,Panic,Ward_13
GRV-2024-101269,রাস্তায় জল জমেছে মেট্রো স্টেশনের কাছে,Bengali,Roads & Traffic,Critical,Frustrated,Ward_15
GRV-2024-100069,पेट्रोल पंप के पास ट्रांसफार्मर में आग लग गई,Hindi,Electricity,High,Pleading,Ward_12
GRV-2024-100443,at night time near railway crossing heavy spark from transformer,English,Electricity,High,Panic,Ward_05
GRV-2024-102147,mara janwar pada hai mandir ke bahar,Hinglish,Sanitation & Waste,Critical,Pleading,Ward_26
GRV-2024-102241,Danger hai bhai gym ka saaman toot gaya festival bheed me,Hinglish,Public Parks & Infrastructure,High,Pleading,Ward_14
GRV-2024-101584,sabzi mandi ke paas paani se badboo aa rahi,Hinglish,Water Supply,High,Angry,Ward_07
GRV-2024-100231,TRANSFORMER BLAST HO GAYA PIPELINE KHUDAI KE BAAD METRO STATION KE PASS,Hinglish,Electricity,Low,Angry,Ward_09
GRV-2024-100440,ट्रांसफार्मर से स्पार्किंग हो रही है कल शाम से बस्ती में,Hindi,Electricity,Critical,Panic,Ward_21
GRV-2024-101627,धोका आहे पेट्रोल पंपाजवळ पाईपलाईन फुटली!!,Marathi,Water Supply,Critical,Angry,Ward_26
GRV-2024-101322,Smelly water,Tamil,Water Supply,Critical,Frustrated,Ward_06
GRV-2024-101278,min mrket rd cllapsed n slum ara,English,Roads & Traffic,Critical,Frustrated,Ward_02
GRV-2024-100817,सड़क पूरी तरह धंस गई है भारी बारिश के बाद,Hindi,Roads & Traffic,Critical,Angry,Ward_25
GRV-2024-100599,atm ke saamne transformer se chingari aa rahi power cut ke time,Hinglish,Electricity,Critical,Pleading,Ward_16
GRV-2024-101056,kids are in danger huge pothole caused accident,English,Roads & Traffic,High,Panic,Ward_28
GRV-2024-100414,आपातकाल तूफान के दौरान हाई टेंशन तार टूट गया बाजार की सड़क पर,Hindi,Electricity,High,Panic,Ward_16
GRV-2024-100679,बिजली कटौती के दौरान मेट्रो स्टेशन के पास ट्रांसफार्मर से स्पार्किंग हो रही है ????,Hindi,Electricity,Critical,Angry,Ward_21
GRV-2024-101518,after waterlogging tanker did not come outside temple,English,Water Supply,High,Frustrated,Ward_15
GRV-2024-101116,डिवाइडर टूट गया है अपार्टमेंट के पास ????,Hindi,Roads & Traffic,Critical,Panic,Ward_07
GRV-2024-100279,ट्रांसफार्मर में आग लग गई बाजार की सड़क पर पाइपलाइन खुदाई के बाद,Hindi,Electricity,Medium,Panic,Ward_17
GRV-2024-101385,யாரும் கேட்கவில்லை சேற்று நீர் வருகிறது!!!,Tamil,Water Supply,Critical,Angry,Ward_07
GRV-2024-100408,सर मदद करें पाइपलाइन खुदाई के बाद जीवित तार लटक रहा है अपार्टमेंट के पास,Hindi,Electricity,Critical,Panic,Ward_05
GRV-2024-101091,PAANI BHAR GYAA PURA,Hinglish,Roads & Traffic,Critical,Angry,Ward_17
GRV-2024-102282,Koi action kyu nahi le raha park ki light kharab hai,Hinglish,Public Parks & Infrastructure,High,Angry,Ward_11
GRV-2024-101216,mandir ke bahar Arre yaar divider toot gaya hai,Hinglish,Roads & Traffic,Medium,Panic,Ward_06
GRV-2024-102078,गटर का पानी घर में आ रहा है,Hindi,Sanitation & Waste,High,Frustrated,Ward_21
GRV-2024-100498,khamba gir gaya railway crossing pe,Hinglish,Electricity,Critical,Neutral,Ward_07
GRV-2024-101708,साहेब लक्ष द्या पाण्याचा दाब कमी आहे मंदिराबाहेर,Marathi,Water Supply,Medium,Frustrated,Ward_22
GRV-2024-102026,GARBAGE OVERFLOWING ON ROAD NEAR DAIRY BOOTH,English,Sanitation & Waste,Critical,Panic,Ward_21
GRV-2024-100789,t nght tm divdr cmpletely brkn besid prtmnt towr,English,Roads & Traffic,Medium,Frustrated,Ward_03
GRV-2024-101070,huge pothole caused accident during festival crowd near bus stand,English,Roads & Traffic,High,Pleading,Ward_17
GRV-2024-102265,ARRE YAAR PARK KI LIGHT KHARAB HAI APARTMENT KE BAGAL ME,Hinglish,Public Parks & Infrastructure,Low,Angry,Ward_24
GRV-2024-100435,स्थिति बहुत खराब है खंभा गिर गया सरकारी स्कूल के पास,Hindi,Electricity,High,Angry,Ward_15
GRV-2024-102043,सफाई नहीं हुई पाइपलाइन खुदाई के बाद सरकारी स्कूल के पास,Hindi,Sanitation & Waste,High,Neutral,Ward_01
GRV-2024-101879,मच्छर बहुत हो गए हैं निर्माण कार्य के बाद पब्लिक गार्डन में!!!,Hindi,Sanitation & Waste,Critical,Panic,Ward_05
GRV-2024-100782,जलभराव के बाद सड़क नीचे जा रही है एटीएम के सामने,Hindi,Roads & Traffic,Low,Pleading,Ward_20
GRV-2024-101476,நீர் தேங்கிய பின் குறைந்த அழுத்தம் கோவில் வெளியே,Tamil,Water Supply,Critical,Frustrated,Ward_10
GRV-2024-101831,BRSH KE BAD SEWR LINE BLOCK H GY RLWAY CRSSNG PE,Hinglish,Sanitation & Waste,Medium,Panic,Ward_03
GRV-2024-101836,kachra road par fail raha market road pe,Hinglish,Sanitation & Waste,Critical,Angry,Ward_10
GRV-2024-100149,Look at this after heavy rain high tension line broke outside temple,English,Electricity,Low,Angry,Ward_02
GRV-2024-101194,paani bhar gaya pura colony gate par,Hinglish,Roads & Traffic,High,Panic,Ward_02
GRV-2024-102451,कल शाम से पब्लिक टॉयलेट में पानी नहीं है खतरा है,Hindi,Public Parks & Infrastructure,Critical,Angry,Ward_20
GRV-2024-101241,ACCIDENT ROAD,Hinglish,Roads & Traffic,High,Panic,Ward_13
GRV-2024-101055,near bus stand Attention digging left unfinished!!,English,Roads & Traffic,Critical,Frustrated,Ward_11
GRV-2024-101769,मेलेले जनावर पडले आहे रेल्वे क्रॉसिंगजवळ,Marathi,Sanitation & Waste,Low,Panic,Ward_28
GRV-2024-101689,पाणी येत नाहीये मुसळधार पावसानंतर मुख्य चौकात,Marathi,Water Supply,High,Frustrated,Ward_05
GRV-2024-102093,sewer line blocked after pipeline dgiging ????,English,Sanitation & Waste,Critical,Frustrated,Ward_20
GRV-2024-102192,कॉलोनी गेट पर सर मदद करें पार्क की लाइट खराब है कल शाम से,Hindi,Public Parks & Infrastructure,Critical,Panic,Ward_01
GRV-2024-101929,kachra road par fail raha,Hinglish,Sanitation & Waste,Low,Frustrated,Ward_28
GRV-2024-100163,शॉर्ट सर्किट हो गया मेट्रो स्टेशन के पास,Hindi,Electricity,High,Frustrated,Ward_07
GRV-2024-100438,pr clny me ndhr h colny gt par,Hinglish,Electricity,High,Neutral,Ward_08
GRV-2024-101025,bs stand k wh divdr tt gy h,Hinglish,Roads & Traffic,Critical,Pleading,Ward_08
GRV-2024-101382,consturction ke baad paani aa hi nahi raha,Hinglish,Water Supply,High,Frustrated,Ward_17
GRV-2024-101978,j achnk safa nh h hsptl k bagl m,Hinglish,Sanitation & Waste,High,Angry,Ward_16
GRV-2024-100829,on market road main market road collapsed,English,Roads & Traffic,Low,Pleading,Ward_23
GRV-2024-100654,taar toot ke gir gaya dairy booth ke pass!!!,Hinglish,Electricity,Critical,Panic,Ward_22
GRV-2024-100528,जीवित तार लटक रहा है पेट्रोल पंप के पास ????,Hindi,Electricity,Critical,Angry,Ward_27
GRV-2024-101133,कल शाम से सड़क खोदकर छोड़ दी!!,Hindi,Roads & Traffic,Critical,Angry,Ward_07
GRV-2024-100049,बस स्टँडजवळ त्वरित लक्ष द्या शॉर्ट सर्किट झाले,Marathi,Electricity,Critical,Panic,Ward_25
GRV-2024-100067,CRRNT ELK,Hinglish,Electricity,Medium,Angry,Ward_02
GRV-2024-102016,அவசரம் கழிவுநீர் வீட்டிற்குள் பஸ் ஸ்டாண்ட் அருகில் கனமழைக்கு பின்,Tamil,Sanitation & Waste,Critical,Angry,Ward_11
GRV-2024-101370,ஏடிஎம் அருகில் இரவு நேரத்தில் சேற்று நீர் வருகிறது,Tamil,Water Supply,Critical,Angry,Ward_24
GRV-2024-102270,prk lghts r compltly brkn!!!,English,Public Parks & Infrastructure,Critical,Angry,Ward_27
GRV-2024-100048,transformer blasted near dairy booth ????,English,Electricity,Critical,Angry,Ward_07
GRV-2024-101334,extremely low pressure near metro station after waterlogging,English,Water Supply,High,Neutral,Ward_14
GRV-2024-101681,बस स्टैंड के पास पानी बिल्कुल नहीं आ रहा,Hindi,Water Supply,High,Panic,Ward_16
GRV-2024-100838,rat k tme rd andar j rh h Dngr h bh traffc chrha p,Hinglish,Roads & Traffic,High,Frustrated,Ward_27
GRV-2024-102162,Emrgency h prk k lght kharb h,Hinglish,Public Parks & Infrastructure,Medium,Pleading,Ward_16
GRV-2024-100124,Transformer dead,English,Electricity,High,Panic,Ward_06
GRV-2024-100610,कोचिंग सेंटर के बाहर मदद करें ट्रांसफार्मर से स्पार्किंग हो रही है,Hindi,Electricity,Low,Frustrated,Ward_12
GRV-2024-101860,mr jnwr pd ha tfn k tim,Hinglish,Sanitation & Waste,Medium,Pleading,Ward_27
GRV-2024-102332,MISSING TILES ON PATHWAY NEAR PETROL PUPM!!!,English,Public Parks & Infrastructure,Critical,Angry,Ward_20
GRV-2024-101512,குறைந்த அழுத்தம் ஐயா தயவுசெய்து உதவுங்கள் கோவில் வெளியே!!!,Tamil,Water Supply,Critical,Frustrated,Ward_02
GRV-2024-100741,manhole khula hai oclony gate par!!,Hinglish,Roads & Traffic,Critical,Panic,Ward_07
GRV-2024-100025,trnsfrmr xplded plas chck mmdtely,English,Electricity,Critical,Panic,Ward_19
GRV-2024-102388,j chnk jhl toot gy hn garden m Bch,Hinglish,Public Parks & Infrastructure,High,Angry,Ward_23
GRV-2024-101752,construction ke baad safai nahi hui apartment ke bagal me,Hinglish,Sanitation & Waste,High,Panic,Ward_20
GRV-2024-101533,Pipe leak,Hinglish,Water Supply,High,Angry,Ward_15
GRV-2024-101815,msll,English,Sanitation & Waste,High,Pleading,Ward_10
GRV-2024-101616,EXTREMELY LOW PRESSURE NEAR VEGETABLE MARKET,English,Water Supply,Medium,Panic,Ward_19
GRV-2024-101454,स्थिति बहुत खराब है पाइपलाइन फट गई पब्लिक गार्डन में त्योहार की भीड़ में,Hindi,Water Supply,Critical,Panic,Ward_07
GRV-2024-100565,Aag lag gyi,English,Electricity,High,Angry,Ward_06
GRV-2024-100845,mn mrket rod cllpsed t nght tm nr ptrl pmp,English,Roads & Traffic,High,Pleading,Ward_28
GRV-2024-102489,gym broken!!,English,Public Parks & Infrastructure,Critical,Frustrated,Ward_11
GRV-2024-101456,tanker needed,English,Water Supply,High,Frustrated,Ward_13
GRV-2024-100361,HEAVY SPARK FROM TRANSFORMER AFTER CONSTRUCTION WORK ????,English,Electricity,Critical,Angry,Ward_26
GRV-2024-101565,এটিএম এর সামনে বিদ্যুৎ বিভ্রাটের সময় স্যার একটু দেখুন জল একেবারেই আসছে না,Bengali,Water Supply,Medium,Frustrated,Ward_26
GRV-2024-102498,टॉयलेटमध्ये पाणी नाही मुसळधार पावसानंतर,Marathi,Public Parks & Infrastructure,High,Panic,Ward_26
GRV-2024-102414,stray dogs chasing kids URGENT after waterlogging near govt school!!,English,Public Parks & Infrastructure,Critical,Panic,Ward_04
GRV-2024-101834,nr vgtbl mrkt mosqutos breeding n stgnnt wter udrng fstivl crwd,English,Sanitation & Waste,High,Pleading,Ward_05
GRV-2024-101784,Sir pls dairy booth ke pass gutter ka paani ghar me aa raha,Hinglish,Sanitation & Waste,High,Angry,Ward_14
GRV-2024-100430,kal shaam se puri colony me andhera hai hospital ke bagal me,Hinglish,Electricity,Critical,Neutral,Ward_22
GRV-2024-102309,bus stand ke waha waterlogging ke baad tiles gayab hain path se,Hinglish,Public Parks & Infrastructure,Critical,Angry,Ward_02
GRV-2024-100637,ट्रांसफार्मर में आग लग गई तूफान के दौरान,Hindi,Electricity,Critical,Angry,Ward_19
GRV-2024-102187,JALDI DEKHO PIPELINE KHUDAI KE BAAD JHOOLE TOOT GAYE HAIN SLUM AREA ME,Hinglish,Public Parks & Infrastructure,Critical,Angry,Ward_22
GRV-2024-100651,PLS HELP JLD CNSTRCTN KE BAD PR CLONY M NDHER H MNDIR KE BHAR,Hinglish,Electricity,High,Panic,Ward_07
GRV-2024-100240,transformer blasted on market road,English,Electricity,High,Frustrated,Ward_06
GRV-2024-100693,taar toot ke gir gaya dairy booth ke pass,Hinglish,Electricity,High,Frustrated,Ward_05
GRV-2024-100070,raat ke time nangi taar latak rahi hai govt school ke pass,Hinglish,Electricity,High,Pleading,Ward_01
GRV-2024-102232,Gym brkoen,Hinglish,Public Parks & Infrastructure,High,Neutral,Ward_25
GRV-2024-100650,மீட்டர் பெட்டியில் தீ ஏடிஎம் அருகில் நீர் தேங்கிய பின்,Tamil,Electricity,Critical,Panic,Ward_07
GRV-2024-102018,SIR PLS KACHRA ROAD PAR FAIL RAHA GOVT SCHOOL KE PASS,Hinglish,Sanitation & Waste,Low,Panic,Ward_10
GRV-2024-100073,Aag lag gyi,Hindi,Electricity,Low,Pleading,Ward_04
GRV-2024-101163,सड़क नीचे जा रही है तूफान के दौरान,Hindi,Roads & Traffic,Low,Angry,Ward_27
GRV-2024-100350,TRAFFIC CHAURAHA PE ROAD PE CURRENT AA RAHA HAI WATERLOGGING KE BAAD ARRE YAAR,Hinglish,Electricity,Low,Panic,Ward_22
GRV-2024-102289,রেলওয়ে ক্রসিংয়ের কাছে রাস্তার কুকুর বিদ্যুৎ বিভ্রাটের সময় দয়া করে সাহায্য করুন,Bengali,Public Parks & Infrastructure,High,Pleading,Ward_26
GRV-2024-102168,रास्ते की टाइलें गायब हैं अपार्टमेंट के पास ????,Hindi,Public Parks & Infrastructure,Critical,Frustrated,Ward_11
GRV-2024-101098,मदत करा बांधकामानंतर रस्ता पूर्णपणे खचला आहे मुख्य चौकात,Marathi,Roads & Traffic,Low,Frustrated,Ward_16
GRV-2024-101446,குடிநீரில் கழிவுநீர் ரயில்வே கிராசிங் அருகில்,Tamil,Water Supply,High,Frustrated,Ward_21
GRV-2024-102328,power cut ke time tiles gayab hain path se garden me!!!,Hinglish,Public Parks & Infrastructure,Critical,Angry,Ward_08
GRV-2024-100076,সবজি বাজারের কাছে মিটার বক্সে আগুন লেগেছে জল জমার পর,Bengali,Electricity,High,Panic,Ward_28
GRV-2024-100432,hgh tension lne brke ftr cnstrctn work nar gvt schl,English,Electricity,High,Angry,Ward_17
GRV-2024-102349,Park dark,English,Public Parks & Infrastructure,High,Panic,Ward_29
GRV-2024-101292,বিপদ ম্যানহোল খোলা সবজি বাজারের কাছে বিদ্যুৎ বিভ্রাটের সময়!!,Bengali,Roads & Traffic,Critical,Angry,Ward_25
GRV-2024-100157,transformer dead,Hinglish,Electricity,High,Angry,Ward_13
GRV-2024-101798,gutter ka paani ghar me aa raha slum area me,Hinglish,Sanitation & Waste,High,Angry,Ward_24
GRV-2024-101405,kichda wala paani aa raha,Hinglish,Water Supply,High,Pleading,Ward_18
GRV-2024-102050,बिजली कटौती के दौरान सीवर लाइन जाम है सरकारी स्कूल के पास,Hindi,Sanitation & Waste,High,Frustrated,Ward_07
GRV-2024-100135,govt school ke pass short circuit ho gaya ????,Hinglish,Electricity,Critical,Panic,Ward_12
GRV-2024-102137,TOXIC SMOKE FROM GARBAGE IN SLUM AREA,English,Sanitation & Waste,High,Angry,Ward_21
GRV-2024-101928,ময়লা পোড়ানো ধোঁয়া ভারী বৃষ্টির পর হাসপাতালের সামনে,Bengali,Sanitation & Waste,Critical,Angry,Ward_15
GRV-2024-101690,AFTER CONSTRUCTION WORK KIDS ARE IN DANGER TAP IS DRY,English,Water Supply,Medium,Angry,Ward_14
GRV-2024-100867,open manhole Kids are ni danger near metro station,English,Roads & Traffic,High,Panic,Ward_06
GRV-2024-101949,CONSTRUCTION KE BAAD MARA JANWAR PADA AHI BUS STAND KE WAHA,Hinglish,Sanitation & Waste,Medium,Angry,Ward_28
GRV-2024-100051,Completely unacceptable after pipeline digging transformer exploded outside caoching center!!!,English,Electricity,Critical,Frustrated,Ward_14
GRV-2024-101900,txc smk frm grbge ????,English,Sanitation & Waste,Critical,Frustrated,Ward_06
GRV-2024-100678,festival bheed me Jaldi dekho short circuit ho gaya,Hinglish,Electricity,Critical,Neutral,Ward_09
GRV-2024-101503,xtrmly lw prssr aftr constrctn wrk n slm ar,English,Water Supply,Medium,Panic,Ward_03
GRV-2024-100289,CRRNT SPRDNG N RAD NR GOVT SCHOL,English,Electricity,Critical,Panic,Ward_13
GRV-2024-102247,பூங்கா காடாக உள்ளது கனமழைக்கு பின் காய்கறி சந்தை அருகில்,Tamil,Public Parks & Infrastructure,Critical,Angry,Ward_05
GRV-2024-101420,baarish ke baad paani aa hi nahi raha mandir ke bahar,Hinglish,Water Supply,Medium,Panic,Ward_04
GRV-2024-101602,Pipe leak,Hindi,Water Supply,High,Neutral,Ward_27
GRV-2024-100532,யாரும் கேட்கவில்லை மீட்டர் பெட்டியில் தீ கோவில் வெளியே கனமழைக்கு பின்,Tamil,Electricity,High,Pleading,Ward_17
GRV-2024-100479,आज अचानक ट्रांसफार्मर में आग लग गई बस्ती में!!!,Hindi,Electricity,Critical,Frustrated,Ward_16
GRV-2024-101403,railway crossing pe gutter ka paani mix ho gaya,Hinglish,Water Supply,High,Frustrated,Ward_17
GRV-2024-101932,near dairy booth gutter overflowing into houses terrible situation,English,Sanitation & Waste,High,Frustrated,Ward_15
GRV-2024-100291,ARRE YAAR PIPELINE KHUDAI KE BAAD TAAR TOOT KE GIR GAYA HOSPITAL KE BAGAL ME,Hinglish,Electricity,High,Angry,Ward_01
GRV-2024-101721,KICHAD WALA PAANI AA RAHA COACHING CENTER KE BAHAR!!,Hinglish,Water Supply,Critical,Angry,Ward_03
GRV-2024-101068,BESIDE HOSPITAL DIGGING LEFT UNFINISHED AT NIGHT TIME,English,Roads & Traffic,Critical,Angry,Ward_29
GRV-2024-101023,urgent main market road collapsed ????,English,Roads & Traffic,Critical,Frustrated,Ward_01
GRV-2024-102179,stray dogs chasing kids outside temple,English,Public Parks & Infrastructure,Medium,Neutral,Ward_09
GRV-2024-102227,baarish ke baad gym ka saaman toot gaya garden me,Hinglish,Public Parks & Infrastructure,High,Panic,Ward_09
GRV-2024-100705,डिवाइडर टूट गया है भारी बारिश के बाद,Hindi,Roads & Traffic,Critical,Panic,Ward_04
GRV-2024-102034,dd dg,English,Sanitation & Waste,High,Angry,Ward_14
GRV-2024-100406,traffic chauraha pe abarish ke baad nangi taar latak rahi hai,Hinglish,Electricity,High,Angry,Ward_22
GRV-2024-102099,gutter overflowing into housse since yesterday evening,English,Sanitation & Waste,High,Angry,Ward_21
GRV-2024-102023,Bhai aaj achanak safai nahi hui,Hinglish,Sanitation & Waste,High,Frustrated,Ward_24
GRV-2024-102408,kal shaam se gym ka saaman toot gaya ????,Hinglish,Public Parks & Infrastructure,Critical,Frustrated,Ward_27
GRV-2024-100978,traffic signal is dead outside temple,English,Roads & Traffic,High,Frustrated,Ward_08
GRV-2024-101745,j chnk kchad wl pn  rha,Hinglish,Water Supply,Low,Angry,Ward_26
GRV-2024-101880,outside temple mosquitoes breeding in stagannt water during power cut,English,Sanitation & Waste,Critical,Frustrated,Ward_21
GRV-2024-100342,তাড়াতাড়ি আসুন মেট্রো স্টেশনের কাছে মিটার বক্সে আগুন লেগেছে,Bengali,Electricity,High,Frustrated,Ward_12
GRV-2024-101990,kachra road par fail raha pipeline khudai ke baad,Hinglish,Sanitation & Waste,High,Angry,Ward_18
GRV-2024-102476,danger hai bhai public toilet me paani nahi railway crossing pe aaj achanak,Hinglish,Public Parks & Infrastructure,High,Angry,Ward_19
GRV-2024-100834,paani bhar gaya pura slum area me pipelnie khudai ke baad,Hinglish,Roads & Traffic,High,Angry,Ward_23
GRV-2024-101452,nal sookh gaye market road pe,Hinglish,Water Supply,High,Panic,Ward_12
GRV-2024-100299,power cut ke time transformer se chingari aa rahi sabzi mandi ke paas,Hinglish,Electricity,High,Neutral,Ward_15
GRV-2024-101988,पाइपलाइन खुदाई के बाद सफाई नहीं हुई डेयरी बूथ के पास,Hindi,Sanitation & Waste,Medium,Frustrated,Ward_11
GRV-2024-102293,K ctn ky nh le rh tles gyb hn path s!!,Hinglish,Public Parks & Infrastructure,Critical,Angry,Ward_16
GRV-2024-100495,Current leak,Tamil,Electricity,Critical,Panic,Ward_06
GRV-2024-100812,रस्ता पूर्णपणे खचला आहे बस स्टँडजवळ,Marathi,Roads & Traffic,Medium,Angry,Ward_26
GRV-2024-100929,min mrkt rd cllpsd t trffc squar,English,Roads & Traffic,High,Panic,Ward_29
GRV-2024-101057,petrol pump ke pass paani bhar gaya pura,Hinglish,Roads & Traffic,Critical,Pleading,Ward_04
GRV-2024-101637,RGNT ppeln burts sddnly t trffc sqre ftr cnstrctn wrk,English,Water Supply,High,Panic,Ward_28
GRV-2024-102455,aftr constrctn work pn gym eqpmnt dmaged n markt rd,English,Public Parks & Infrastructure,Critical,Frustrated,Ward_07
GRV-2024-100220,sddenly tday trnsfrmr blsted ner ptrl pmp,English,Electricity,Critical,Panic,Ward_05
GRV-2024-102486,COLONY GATE PAR PARK JANGAL BAN GAYA HAI,Hinglish,Public Parks & Infrastructure,Low,Panic,Ward_29
GRV-2024-101659,rre yr pn  h nh rh ATM k smne!!!,Hinglish,Water Supply,Critical,Angry,Ward_24
GRV-2024-100527,Sparking!!,Marathi,Electricity,High,Frustrated,Ward_16
GRV-2024-101486,Dry taps ????,Hindi,Water Supply,Critical,Panic,Ward_14
GRV-2024-102375,jhoole toot gaye hain coaching center ke bahar,Hinglish,Public Parks & Infrastructure,High,Angry,Ward_20
GRV-2024-101609,आपातकाल पाइपलाइन फट गई ट्रैफिक चौराहे पर,Hindi,Water Supply,High,Frustrated,Ward_15
GRV-2024-100596,ভারী বৃষ্টির পর তার ছিঁড়ে ঝুলছে,Bengali,Electricity,High,Panic,Ward_10
GRV-2024-100084,near petrol pump heavy sprak from transformer urgent during festival crowd!!,English,Electricity,Critical,Frustrated,Ward_08
GRV-2024-102213,Gym broken,English,Public Parks & Infrastructure,Critical,Angry,Ward_12
GRV-2024-102055,fter ppln dggnig n mrkt rod guttr vrflwng nt hss,English,Sanitation & Waste,Low,Frustrated,Ward_15
GRV-2024-101961,Daed dog,English,Sanitation & Waste,High,Frustrated,Ward_16
GRV-2024-101864,no sweeping done at colony gate!!!,English,Sanitation & Waste,Critical,Frustrated,Ward_29
GRV-2024-102326,স্যার একটু দেখুন ঝড়ের সময় দোলনা ভাঙা রেলওয়ে ক্রসিংয়ের কাছে,Bengali,Public Parks & Infrastructure,Critical,Frustrated,Ward_05
GRV-2024-100461,ஷார்ட் சர்க்யூட் காய்கறி சந்தை அருகில்!!,Tamil,Electricity,Critical,Angry,Ward_04
GRV-2024-100109,PIPELINE KHUDAI KE BAAD TAAR TOOT KE GIR GAYA,Hinglish,Electricity,Medium,Panic,Ward_11
GRV-2024-101962,Naali block,Marathi,Sanitation & Waste,Critical,Frustrated,Ward_03
GRV-2024-100354,বিদ্যুৎ বিভ্রাটের সময় শর্ট সার্কিট হয়েছে মন্দিরের বাইরে!!!,Bengali,Electricity,Critical,Panic,Ward_29
GRV-2024-100266,crrent lk,Hinglish,Electricity,High,Neutral,Ward_01
GRV-2024-101545,জলের পাইপ ফেটে গেছে হাসপাতালের সামনে,Bengali,Water Supply,High,Frustrated,Ward_18
GRV-2024-100530,शॉर्ट सर्किट हो गया अस्पताल के सामने!!!,Hindi,Electricity,Critical,Panic,Ward_15
GRV-2024-102446,आवारा कुत्ते बच्चों के पीछे भाग रहे हैं सरकारी स्कूल के पास कल शाम से ????,Hindi,Public Parks & Infrastructure,Critical,Angry,Ward_10
GRV-2024-100290,havy sprk frm trnsformer besd hosptal,English,Electricity,Medium,Angry,Ward_27
GRV-2024-100605,sir pls help after heavy rain meter box caught fire at colony gate,English,Electricity,High,Frustrated,Ward_04
GRV-2024-101560,PRESSURE BOHOT KAM HAI GOVT SCHOOL EK PASS,Hinglish,Water Supply,High,Angry,Ward_02
GRV-2024-100416,in public garden transformer exploded,English,Electricity,High,Angry,Ward_10
GRV-2024-100472,সবজি বাজারের কাছে বিপদ পোল পড়ে গেছে,Bengali,Electricity,Low,Panic,Ward_12
GRV-2024-100931,யாரும் கேட்கவில்லை இரவு நேரத்தில் சாலையில் நீர் தேங்கியுள்ளது பஸ் ஸ்டாண்ட் அருகில்,Tamil,Roads & Traffic,High,Frustrated,Ward_07
GRV-2024-102279,pblic tlet has n water t clny gt,English,Public Parks & Infrastructure,Medium,Neutral,Ward_23
GRV-2024-102419,Park dakr,Hinglish,Public Parks & Infrastructure,Critical,Frustrated,Ward_23
GRV-2024-100808,ROAD TOOT GAYA,Hindi,Roads & Traffic,High,Panic,Ward_22
GRV-2024-100798,rad sinkng drng pwr ct nr rlwy crossng,English,Roads & Traffic,High,Frustrated,Ward_16
GRV-2024-102491,ஐயா தயவுசெய்து உதவுங்கள் தெரு நாய்கள்!!,Tamil,Public Parks & Infrastructure,Critical,Angry,Ward_26
GRV-2024-100930,road adnar ja raha hai sabzi mandi ke paas,Hinglish,Roads & Traffic,Critical,Panic,Ward_29
GRV-2024-100278,मीटर बॉक्स जल गया बिजली कटौती के दौरान मेट्रो स्टेशन के पास,Hindi,Electricity,High,Pleading,Ward_01
GRV-2024-101517,pni a h nh rh slm r me,Hinglish,Water Supply,Critical,Angry,Ward_20
GRV-2024-100883,सड़क पूरी तरह धंस गई है,Hindi,Roads & Traffic,Medium,Angry,Ward_01
GRV-2024-101014,road andar ja raha hai govt school ke pass!!!,Hinglish,Roads & Traffic,Critical,Frustrated,Ward_15
GRV-2024-100018,high tension line broke at night time in slum area,English,Electricity,High,Angry,Ward_09
GRV-2024-101234,traffic signal is dead near dairy booth during power cut!!!,English,Roads & Traffic,Critical,Angry,Ward_20
GRV-2024-102401,साहेब लक्ष द्या रात्रीच्या वेळी पार्कमध्ये गवत वाढले पेट्रोल पंपाजवळ,Marathi,Public Parks & Infrastructure,High,Angry,Ward_03
GRV-2024-101972,msqitoes brdng n stagnnt wtr near mtr sttn,English,Sanitation & Waste,Medium,Pleading,Ward_17
GRV-2024-101532,Sir pls help foul smelling water near railway crossing at night time,English,Water Supply,Critical,Angry,Ward_25
GRV-2024-101902,sewer line block ho gayi apartment ke bagal me!!!,Hinglish,Sanitation & Waste,Critical,Frustrated,Ward_11
GRV-2024-102133,Kids are in danger ugtter overflowing into houses outside temple since yesterday evening,English,Sanitation & Waste,Low,Angry,Ward_02
GRV-2024-101501,tap is dry during the storm near railway crossing,English,Water Supply,Medium,Frustrated,Ward_11
GRV-2024-101564,Paan nhi  rah,Hinglish,Water Supply,Critical,Angry,Ward_01
GRV-2024-100219,कॉलोनी गेट पर हाई टेंशन तार टूट गया,Hindi,Electricity,Critical,Panic,Ward_08
GRV-2024-100618,Bhai dairy booth ke pass khamba gir gaya,Hinglish,Electricity,Low,Panic,Ward_22
GRV-2024-101247,Jaldi dekho paani bhar gaya pura colony gate par,Hinglish,Roads & Traffic,Critical,Angry,Ward_24
GRV-2024-100303,SHORT CRCUIT HPPNED NER BS STND,English,Electricity,High,Panic,Ward_18
GRV-2024-101738,paani se badboo aa rahi kal shaam se dairy booth ke pass,Hinglish,Water Supply,Medium,Angry,Ward_03
GRV-2024-102376,जिम का सामान टूट गया है पब्लिक गार्डन में,Hindi,Public Parks & Infrastructure,High,Angry,Ward_21
GRV-2024-102008,sf nhi hu festvl bhed m grdn m,Hinglish,Sanitation & Waste,High,Angry,Ward_01
GRV-2024-102064,PLS HLP JLD SAF NAH HI GRDN M FSTVL BHED M!!!,Hinglish,Sanitation & Waste,Critical,Panic,Ward_05
GRV-2024-101295,kchd h kchd h rat k tim ????,Hinglish,Roads & Traffic,Critical,Angry,Ward_05
GRV-2024-102201,aftr wtrlogging pblc tlt has n wtr bsd TM,English,Public Parks & Infrastructure,Critical,Panic,Ward_02
GRV-2024-100879,बहुत बड़ा गड्ढा हो गया है,Hindi,Roads & Traffic,High,Frustrated,Ward_02
GRV-2024-102158,मदत करा खेळणी तुटलेली आहेत रुग्णालयासमोर!!!,Marathi,Public Parks & Infrastructure,Critical,Frustrated,Ward_23
GRV-2024-101005,मैनहोल खुला है पाइपलाइन खुदाई के बाद बाजार की सड़क पर,Hindi,Roads & Traffic,High,Angry,Ward_12
GRV-2024-101033,road pura dhans gaya atm ke saamne,Hinglish,Roads & Traffic,High,Frustrated,Ward_11
GRV-2024-101505,dry tps,Hinglish,Water Supply,Critical,Panic,Ward_05
GRV-2024-101053,apartment ke bagal me kichad hi kichad hai raat ke time!!!,Hinglish,Roads & Traffic,Critical,Frustrated,Ward_18
GRV-2024-101869,DEAD ANIMAL SMELLING BAD BESIDE APARTMENT TOWER,English,Sanitation & Waste,High,Panic,Ward_28
GRV-2024-101100,पब्लिक गार्डन में स्थिति बहुत खराब है मैनहोल खुला है,Hindi,Roads & Traffic,High,Pleading,Ward_19
GRV-2024-100192,heavy spark from transformer in slum area ????,English,Electricity,Critical,Frustrated,Ward_28
GRV-2024-100174,हाई टेंशन तार टूट गया,Hindi,Electricity,High,Panic,Ward_09
GRV-2024-100765,open manhole please check immediately,English,Roads & Traffic,Critical,Frustrated,Ward_23
GRV-2024-101378,pipeline fatt gayi metro station ke pass,Hinglish,Water Supply,Medium,Frustrated,Ward_24
GRV-2024-101566,nl skh gye mtr sttin k pss,Hinglish,Water Supply,Critical,Frustrated,Ward_12
GRV-2024-101904,सीवर लाइन जाम है त्योहार की भीड़ में ????,Hindi,Sanitation & Waste,Critical,Angry,Ward_13
GRV-2024-100700,apartment ke bgaal me bohot bada gaddha ban gaya,Hinglish,Roads & Traffic,High,Frustrated,Ward_01
GRV-2024-100128,EMERGENCY HAI NANGI TAAR LATAK RAHI HAI COACHING CENTER KE BAHAR WATERLOGGING KE BAAD,Hinglish,Electricity,High,Panic,Ward_18
GRV-2024-100340,कृपया जल्दी देखें तूफान के दौरान सड़क पर करंट फैल रहा है!!!,Hindi,Electricity,Critical,Angry,Ward_16
GRV-2024-102127,SF NH HI AJ CHNK,Hinglish,Sanitation & Waste,Critical,Panic,Ward_03
GRV-2024-100647,শর্ট সার্কিট হয়েছে বাস স্ট্যান্ডের কাছে,Bengali,Electricity,Low,Angry,Ward_21
GRV-2024-101286,सड़क खोदकर छोड़ दी बाजार की सड़क पर,Hindi,Roads & Traffic,Medium,Angry,Ward_10
GRV-2024-100307,hevy sprk frm trnsfrmr n pblc grdn!!!,English,Electricity,Critical,Panic,Ward_08
GRV-2024-100383,power cut ke time colony gate par puri colony me andhera hai!!,Hinglish,Electricity,Critical,Frustrated,Ward_04
GRV-2024-101272,मोठा खड्डा पडला आहे रेल्वे क्रॉसिंगजवळ,Marathi,Roads & Traffic,High,Frustrated,Ward_04
GRV-2024-102314,Kids re n dngr snce ystrday evning prk hs bcme a jungl nr bus stand,English,Public Parks & Infrastructure,Low,Pleading,Ward_11
GRV-2024-101263,slum area me khod ke chhod diya pipeline khudai ke baad Bachao,Hinglish,Roads & Traffic,Low,Frustrated,Ward_20
GRV-2024-100177,রাস্তায় কারেন্ট ছড়াচ্ছে বিদ্যুৎ বিভ্রাটের সময় সবজি বাজারের কাছে ????,Bengali,Electricity,Critical,Angry,Ward_23
GRV-2024-100426,short circuit happened after pipeline digging near vegetable market,English,Electricity,Critical,Panic,Ward_06
GRV-2024-100786,त्योहार की भीड़ में बहुत बड़ा गड्ढा हो गया है बस्ती में,Hindi,Roads & Traffic,Critical,Angry,Ward_20
GRV-2024-101746,Why is nobody listening beside apartment tower getting muddy water,English,Water Supply,High,Frustrated,Ward_25
GRV-2024-101099,HUGE POTHOLE CAUSED ACCIDENT AT NIGHT TIME NEAR BUS STAND ????,English,Roads & Traffic,Critical,Angry,Ward_04
GRV-2024-102389,CACHNG CNTR K BHAR FSTVL BHEED M WARY KTT PCH PD RHE ????,Hinglish,Public Parks & Infrastructure,Critical,Angry,Ward_01
GRV-2024-100184,entire area is dark at traffic square,English,Electricity,High,Angry,Ward_05
GRV-2024-101591,trffc chrha p tnker nh y!!,Hinglish,Water Supply,Critical,Angry,Ward_22
GRV-2024-101989,गटर का पानी घर में आ रहा है निर्माण कार्य के बाद,Hindi,Sanitation & Waste,High,Neutral,Ward_12
GRV-2024-102495,जिमचे साहित्य खराब रेल्वे क्रॉसिंगजवळ,Marathi,Public Parks & Infrastructure,Low,Panic,Ward_02
GRV-2024-102285,PUBLIC TOILET HAS NO WATER TERRIBLE SITUATION AT NIGHT TIME,English,Public Parks & Infrastructure,Low,Panic,Ward_25
GRV-2024-101303,t nght tm n spply t ll tsd tmepl ????,English,Water Supply,Critical,Panic,Ward_26
GRV-2024-100961,Sr pls signal khrb pd h cchng cnter k bahar,Hinglish,Roads & Traffic,Medium,Angry,Ward_03
GRV-2024-101639,sewage mixed with drinking water after heavy rain,English,Water Supply,High,Panic,Ward_09
GRV-2024-100489,Sparikng!!,English,Electricity,High,Frustrated,Ward_29
GRV-2024-100761,on market road after pipeline digging trafifc signal is dead Emergency,English,Roads & Traffic,High,Frustrated,Ward_01
GRV-2024-100809,festival bheed me hospital ke bagal me manhole khula hai,Hinglish,Roads & Traffic,High,Neutral,Ward_14
GRV-2024-102277,रास्ते की टाइलें गायब हैं अपार्टमेंट के पास,Hindi,Public Parks & Infrastructure,High,Panic,Ward_27
GRV-2024-101429,pplne ftt gyi fstvl bhd m,Hinglish,Water Supply,High,Pleading,Ward_20
GRV-2024-101657,semlly wtr,English,Water Supply,Medium,Panic,Ward_26
GRV-2024-101525,after pipeline digging near railway crossing sewage mixed with drinking water,English,Water Supply,High,Angry,Ward_29
GRV-2024-102086,sbz mand k ps kchre s dhuan a rah barsh ke bad,Hinglish,Sanitation & Waste,Critical,Angry,Ward_16
GRV-2024-100118,शॉर्ट सर्किट हो गया कॉलोनी गेट पर,Hindi,Electricity,High,Panic,Ward_09
GRV-2024-101553,पीने के पानी में सीवर का पानी बस्ती में,Hindi,Water Supply,Medium,Panic,Ward_06
GRV-2024-100281,AGA LAG GYI,English,Electricity,High,Angry,Ward_10
GRV-2024-102185,PARK DAKR,Hinglish,Public Parks & Infrastructure,Low,Angry,Ward_14
GRV-2024-102464,झूले टूट गए हैं तुरंत ध्यान दें पाइपलाइन खुदाई के बाद ????,Hindi,Public Parks & Infrastructure,Critical,Pleading,Ward_05
GRV-2024-101835,near railway crossing sewer line blocked since yesterday evening,English,Sanitation & Waste,Critical,Angry,Ward_16
GRV-2024-100649,GARDEN ME TRANSFORMER BLAST HO GAYA!!!,Hinglish,Electricity,Critical,Angry,Ward_09
GRV-2024-100727,Accident road,Hindi,Roads & Traffic,Critical,Pleading,Ward_29
GRV-2024-100366,transformer blasted near govt school!!!,English,Electricity,Critical,Angry,Ward_12
GRV-2024-101351,pipe leak,English,Water Supply,High,Frustrated,Ward_10
GRV-2024-100555,রেলওয়ে ক্রসিংয়ের কাছে রাস্তায় কারেন্ট ছড়াচ্ছে,Bengali,Electricity,High,Frustrated,Ward_05
GRV-2024-101410,पाण्याचा दाब कमी आहे मुख्य चौकात,Marathi,Water Supply,Medium,Frustrated,Ward_15
GRV-2024-102280,t trffic squr sddnly tdy stray dgs chsng kids,English,Public Parks & Infrastructure,High,Neutral,Ward_10
GRV-2024-101913,koi sun lo macchar bohot ho gaye atm ke saamne raat ke time,Hinglish,Sanitation & Waste,Critical,Angry,Ward_15
GRV-2024-100203,rre yr ppelne khud k bad trnsformr s chngr  rhi railwy crssng p,Hinglish,Electricity,Critical,Frustrated,Ward_11
GRV-2024-102113,raat ke time sewer line block ho gayi traffic chauraha pe,Hinglish,Sanitation & Waste,High,Pleading,Ward_19
GRV-2024-100120,transformer se chingari aa rahi slum area me,Hinglish,Electricity,Critical,Angry,Ward_29
GRV-2024-100283,nar ptrl pmp drng power ct pol fell down,English,Electricity,Critical,Frustrated,Ward_04
GRV-2024-100575,मदद करें सड़क पर करंट फैल रहा है कॉलोनी गेट पर,Hindi,Electricity,Medium,Panic,Ward_16
GRV-2024-101301,Paani nahi aa raha ????,Hindi,Water Supply,Critical,Angry,Ward_29
GRV-2024-102413,Koi action kyu nahi le raha awariya kutte peeche pad rahe petrol pump ke pass,Hinglish,Public Parks & Infrastructure,Critical,Angry,Ward_12
GRV-2024-100275,পোল পড়ে গেছে এটিএম এর সামনে,Bengali,Electricity,High,Frustrated,Ward_16
GRV-2024-100965,waterlogging ke baad bohot bada gaddha ban gaya Pls help jladi,Hinglish,Roads & Traffic,Low,Angry,Ward_11
GRV-2024-101547,रुग्णालयासमोर मुसळधार पावसानंतर पाईपलाईन फुटली!!,Marathi,Water Supply,Critical,Pleading,Ward_26
GRV-2024-100360,live wier hanging near vegetable market,English,Electricity,Critical,Pleading,Ward_18
GRV-2024-101127,bohot bada gaddha ban gaya garden me,Hinglish,Roads & Traffic,High,Frustrated,Ward_23
GRV-2024-100767,TERRIBLE SITUATION ROAD SINKING NEAR VEGETABLE MARKET AFTER PIPELINE DIGGING,English,Roads & Traffic,Low,Panic,Ward_18
GRV-2024-102003,PLS CHCK MMDITLY TXC SMK FRM GARBG!!,English,Sanitation & Waste,Critical,Angry,Ward_10
GRV-2024-101726,पेट्रोल पंप के पास भारी बारिश के बाद पाइपलाइन फट गई,Hindi,Water Supply,Low,Angry,Ward_19
GRV-2024-101888,Smell,English,Sanitation & Waste,Medium,Frustrated,Ward_21
GRV-2024-100286,HIGH TENSION LINE BROKE BESIDE APARTMENT TOWER,English,Electricity,Low,Panic,Ward_21
GRV-2024-102102,emergency gutter overflowing into houses after heavy rain,English,Sanitation & Waste,Medium,Frustrated,Ward_20
GRV-2024-101094,divider completely broken near railway crossing Terrible situation,English,Roads & Traffic,Low,Neutral,Ward_15
GRV-2024-100888,road sinking during festival crowd beside apartment towre,English,Roads & Traffic,Critical,Panic,Ward_27
GRV-2024-100423,Lok t ths pol fell dwn tsd tmpl drng festivl crowd!!,English,Electricity,Critical,Panic,Ward_27
GRV-2024-101808,gutter overflowing into houses during the storm near bus stand,English,Sanitation & Waste,High,Frustrated,Ward_14
GRV-2024-102347,after pipeline digging missing tiles on pathway at colony gate,English,Public Parks & Infrastructure,Critical,Frustrated,Ward_25
GRV-2024-101587,Ganda paani,Hinglish,Water Supply,Low,Neutral,Ward_07
GRV-2024-100840,divider completely broken in slum area,English,Roads & Traffic,Critical,Neutral,Ward_16
GRV-2024-100065,काल संध्याकाळपासून शॉर्ट सर्किट झाले त्वरित लक्ष द्या ????,Marathi,Electricity,Critical,Pleading,Ward_17
GRV-2024-101645,at night time tanker did not come,English,Water Supply,Critical,Neutral,Ward_09
GRV-2024-101710,குடிநீர் குழாய் உடைந்தது இரவு நேரத்தில் ஏடிஎம் அருகில் ????,Tamil,Water Supply,Critical,Frustrated,Ward_08
GRV-2024-101457,after construction work sewage mixed with drinking water beside ATM,English,Water Supply,Medium,Pleading,Ward_06
GRV-2024-101559,GTTER K PN MIX H GY BS STND K WH,Hinglish,Water Supply,Critical,Panic,Ward_17
GRV-2024-100230,Transformer dead,Hinglish,Electricity,Low,Frustrated,Ward_05
GRV-2024-101575,AAJ ACHANAK ARRE YAAR KICHAD WALA PAANI AA RAHA,Hinglish,Water Supply,Critical,Angry,Ward_18
GRV-2024-101569,raat ke time kichad wala paani aa raha sabzi mandi ke paas,Hinglish,Water Supply,Low,Angry,Ward_26
GRV-2024-101185,HUGE POTHOLE CAUSED ACCIDENT AFTER CONSTRUCTION WORK OUTSIDE COACHING CENTER,English,Roads & Traffic,High,Panic,Ward_18
GRV-2024-100889,காய்கறி சந்தை அருகில் பெரிய பள்ளம்,Tamil,Roads & Traffic,Medium,Frustrated,Ward_22
GRV-2024-101399,pipeline burst suddenly after heavy rain outside temple!!!,English,Water Supply,Critical,Angry,Ward_26
GRV-2024-100729,Gaddha,English,Roads & Traffic,High,Angry,Ward_29
GRV-2024-100736,KICHAD HI KICHAD HAI APARTMENT KE BAGAL ME,Hinglish,Roads & Traffic,High,Angry,Ward_17
GRV-2024-101073,मैनहोल खुला है कोचिंग सेंटर के बाहर कल शाम से,Hindi,Roads & Traffic,Medium,Panic,Ward_23
GRV-2024-100374,bhai colony gate par meter me aag lag gayi,Hinglish,Electricity,High,Frustrated,Ward_18
GRV-2024-100759,साहेब लक्ष द्या वीज कपातीदरम्यान मोठा खड्डा पडला आहे मुख्य चौकात,Marathi,Roads & Traffic,Critical,Frustrated,Ward_12
GRV-2024-102250,Gym brkn,English,Public Parks & Infrastructure,High,Frustrated,Ward_28
GRV-2024-101667,rilwy crssng p prssr bht km hi Sir pls,Hinglish,Water Supply,Low,Angry,Ward_10
GRV-2024-100297,পোল পড়ে গেছে সবজি বাজারের কাছে,Bengali,Electricity,Critical,Panic,Ward_02
GRV-2024-100598,road pe current aa raha hai apartment ke bagal me,Hinglish,Electricity,Critical,Angry,Ward_27
GRV-2024-101971,Toxci smoke,Hinglish,Sanitation & Waste,High,Frustrated,Ward_07
GRV-2024-100099,current spreading on road suddenly today,English,Electricity,High,Frustrated,Ward_11
GRV-2024-101054,रस्त्याचे काम अपूर्ण आहे काल संध्याकाळपासून पेट्रोल पंपाजवळ,Marathi,Roads & Traffic,High,Pleading,Ward_13
GRV-2024-101779,aaj achanak kachre se dhuaan aa raha railway crossing pe,Hinglish,Sanitation & Waste,Medium,Neutral,Ward_26
GRV-2024-101237,Emergency divider completely broken since yesterday evening,English,Roads & Traffic,High,Frustrated,Ward_07
GRV-2024-100529,METER BXO CAUGHT FIRE SINCE YESTERDAY EVENING NEAR GOVT SCHOOL,English,Electricity,High,Angry,Ward_27
GRV-2024-101933,mara janwar pada ahi slum area me,Hinglish,Sanitation & Waste,Critical,Angry,Ward_15
GRV-2024-101612,NL SOKH GY CLNY GAT PR,Hinglish,Water Supply,High,Panic,Ward_18
GRV-2024-101208,डिवाइडर टूट गया है रेलवे क्रॉसिंग के पास,Hindi,Roads & Traffic,Medium,Panic,Ward_27
GRV-2024-100636,JALDI DEKHO ROAD PE CURRNET AA RAHA HAI GARDEN ME WATERLOGGING KE BAAD,Hinglish,Electricity,High,Angry,Ward_21
GRV-2024-102196,मेट्रो स्टेशन के पास मदद करें पार्क जंगल बन गया है,Hindi,Public Parks & Infrastructure,Critical,Frustrated,Ward_03
GRV-2024-100185,transformer exploded after heavy arin beside ATM,English,Electricity,High,Frustrated,Ward_11
GRV-2024-101996,SAFAI NAHI HUI WATERLOGGING KE BAAD SABZI MANDI KE PAAS,Hinglish,Sanitation & Waste,Low,Panic,Ward_05
GRV-2024-100944,main market road collapsed during the storm in slum area,English,Roads & Traffic,High,Panic,Ward_20
GRV-2024-101804,macchar bohot ho gaye atm ke saamne!!!,Hinglish,Sanitation & Waste,Critical,Neutral,Ward_08
GRV-2024-101656,कल शाम से ट्रैफिक चौराहे पर पानी से बदबू आ रही है,Hindi,Water Supply,Low,Panic,Ward_25
GRV-2024-101778,SEWER LINE BLOCK HO GAYI PLS HELP JALDI GARDEN ME ????,Hinglish,Sanitation & Waste,Critical,Angry,Ward_01
GRV-2024-100511,बस स्टैंड के पास बिजली कटौती के दौरान पूरे इलाके में अंधेरा है,Hindi,Electricity,Low,Panic,Ward_05
GRV-2024-100800,kids re n dnger mn markt road cllpsd nr ptrl pmp,English,Roads & Traffic,High,Angry,Ward_27
GRV-2024-101134,URGENT at traffic square main market road collapsed ????,English,Roads & Traffic,Critical,Angry,Ward_22
GRV-2024-101394,Bh bs stnd ke wha tfn k tm tnkr nahi aay,Hinglish,Water Supply,Low,Angry,Ward_29
GRV-2024-102405,jhoole toot gaye hain power cut ke time ATM ke saamne ????,Hinglish,Public Parks & Infrastructure,Critical,Angry,Ward_14
GRV-2024-100607,meter box caught fire,English,Electricity,Medium,Frustrated,Ward_08
GRV-2024-101207,dgging lft nfnshd bsd prtmnt twer,English,Roads & Traffic,High,Angry,Ward_26
GRV-2024-100151,Emrgency ntir r s drk t clny gte aftr cnstrctn wrk,English,Electricity,High,Neutral,Ward_22
GRV-2024-101557,gutter ka paani mix ho gaya garden me ????,Hinglish,Water Supply,Critical,Frustrated,Ward_10
GRV-2024-100856,waterlogging on street atfer heavy rain at traffic square,English,Roads & Traffic,High,Angry,Ward_19
GRV-2024-101135,signal kharab pada hai,Hinglish,Roads & Traffic,Critical,Panic,Ward_25
GRV-2024-100874,RODA SINKING NEAR METRO STATION,English,Roads & Traffic,Medium,Panic,Ward_27
GRV-2024-102275,awariya kutte peeche pad rahe slum area me,Hinglish,Public Parks & Infrastructure,High,Neutral,Ward_03
GRV-2024-100023,khamb gr gy mrkt rd pe!!,Hinglish,Electricity,Critical,Pleading,Ward_15
GRV-2024-100158,खंभा गिर गया स्थिति बहुत खराब है!!!,Hindi,Electricity,Critical,Panic,Ward_22
GRV-2024-100331,meter me aag lag gayi pipeline khudai ke baad Sir pls!!,Hinglish,Electricity,Critical,Frustrated,Ward_15
GRV-2024-101110,রেলওয়ে ক্রসিংয়ের কাছে তাড়াতাড়ি আসুন ম্যানহোল খোলা,Bengali,Roads & Traffic,Critical,Pleading,Ward_21
GRV-2024-102387,park ki light kharab hai sabzi mandi ke paas,Hinglish,Public Parks & Infrastructure,High,Angry,Ward_05
GRV-2024-101717,foul smelling water why is nobody listening after pipeline digging,English,Water Supply,High,Frustrated,Ward_06
GRV-2024-102365,aprk ki light kharab hai,Hinglish,Public Parks & Infrastructure,High,Pleading,Ward_21
GRV-2024-102449,open gym equipment damaged at traffic square,English,Public Parks & Infrastructure,Medium,Frustrated,Ward_19
GRV-2024-100642,transformer udd gaya metro station ke pass Sir pls,Hinglish,Electricity,Medium,Frustrated,Ward_29
GRV-2024-101437,paani aa hi nahi raha sabzi mandi ke paas,Hinglish,Water Supply,Critical,Frustrated,Ward_04
GRV-2024-100311,TRANSFORMER UDD GAYA ATM KE SAAMNE ????,Hinglish,Electricity,Critical,Panic,Ward_19
GRV-2024-100351,रस्त्यावर करंट पसरत आहे,Marathi,Electricity,High,Angry,Ward_11
GRV-2024-100548,Completly nccptble trnsfrmer xpldd ????,English,Electricity,Critical,Frustrated,Ward_02
GRV-2024-101744,वीज कपातीदरम्यान पाणी येत नाहीये मेट्रो स्टेशनजवळ,Marathi,Water Supply,Critical,Frustrated,Ward_03
GRV-2024-101125,ROAD PURA DHASN GAYA,Hinglish,Roads & Traffic,Critical,Panic,Ward_19
GRV-2024-100306,कोणीही ऐकत नाही रात्रीच्या वेळी मीटर बॉक्सला आग लागली मुख्य चौकात ????,Marathi,Electricity,Critical,Panic,Ward_22
GRV-2024-100287,கோவில் வெளியே மின்வெட்டின் போது மீட்டர் பெட்டியில் தீ,Tamil,Electricity,High,Panic,Ward_24
GRV-2024-100694,tr tt k gr gy dry bth k pss,Hinglish,Electricity,Medium,Panic,Ward_21
GRV-2024-100962,dvdr completly brkn dring th storm ????,English,Roads & Traffic,Critical,Panic,Ward_19
GRV-2024-100630,Taar gir gaya,Tamil,Electricity,High,Pleading,Ward_23
GRV-2024-101812,BHAI WATERLOGGING KE BAAD SEWER LINE BLOCK HO GAYI ATM KE SAAMNE,Hinglish,Sanitation & Waste,Critical,Angry,Ward_19
GRV-2024-100949,garden me divider toot agya hai power cut ke time,Hinglish,Roads & Traffic,Medium,Frustrated,Ward_15
GRV-2024-101389,suddenly today outside temple tanker did not come,English,Water Supply,Low,Pleading,Ward_25
GRV-2024-100986,fter ppelin dgging slippery mud everywhr t trffc sqr,English,Roads & Traffic,Medium,Panic,Ward_27
GRV-2024-100990,மேன்ஹோல் திறந்துள்ளது இரவு நேரத்தில் ரயில்வே கிராசிங் அருகில்,Tamil,Roads & Traffic,High,Pleading,Ward_04
GRV-2024-101590,GETTING MUDDY WATER NEAR BUS STAND,English,Water Supply,High,Angry,Ward_05
GRV-2024-100781,open manhole near eptrol pump!!!,English,Roads & Traffic,Critical,Panic,Ward_18
GRV-2024-101376,FOUL SMELLING WATER AFTER CONSTRUCTION WORK,English,Water Supply,High,Angry,Ward_03
GRV-2024-100836,Accdient rod,Hinglish,Roads & Traffic,Low,Pleading,Ward_01
GRV-2024-101435,tanker nahi aaya raat ke time apartment ke bagal me,Hinglish,Water Supply,Critical,Frustrated,Ward_13
GRV-2024-102417,कोचिंग सेंटर के बाहर पार्क जंगल बन गया है,Hindi,Public Parks & Infrastructure,Critical,Neutral,Ward_18
GRV-2024-100013,pipeline khudai ke baad dairy booth ke pass road pe current aa raha hai,Hinglish,Electricity,High,Panic,Ward_17
GRV-2024-101220,কেউ শুনছে না ভারী বৃষ্টির পর সিগন্যাল খারাপ মেট্রো স্টেশনের কাছে ????,Bengali,Roads & Traffic,Critical,Frustrated,Ward_06
GRV-2024-101407,ट्रैफिक चौराहे पर पानी बिल्कुल नहीं आ रहा स्थिति बहुत खराब है!!,Hindi,Water Supply,Critical,Panic,Ward_01
GRV-2024-100514,मीटर बॉक्स जल गया एटीएम के सामने,Hindi,Electricity,Critical,Angry,Ward_16
GRV-2024-100409,K sn l shrt crct h gy TM k smn,Hinglish,Electricity,Medium,Frustrated,Ward_26
GRV-2024-100861,HUGE POTHOLE CAUSED ACCIDENT AT NIGHT TIME,English,Roads & Traffic,Critical,Angry,Ward_01
GRV-2024-100313,taar toot ke gir gaya toofan ke time bus stand ke waha,Hinglish,Electricity,Low,Neutral,Ward_23
GRV-2024-101870,gutter overflow,Hinglish,Sanitation & Waste,Critical,Angry,Ward_16
GRV-2024-101302,SWGE MXD WTH DRNKING WATR T CLNY GTE,English,Water Supply,High,Angry,Ward_05
GRV-2024-101279,road pura dhans gaya waterlogging ke abad ATM ke saamne,Hinglish,Roads & Traffic,High,Frustrated,Ward_07
GRV-2024-102499,দোলনা ভাঙা সরকারি স্কুলের কাছে ????,Bengali,Public Parks & Infrastructure,Critical,Neutral,Ward_24
GRV-2024-102358,nr dairy bth swngs r dngrsly brkn ftr cnstructon wrk,English,Public Parks & Infrastructure,High,Frustrated,Ward_23
GRV-2024-100382,aAg lag gyi,Hinglish,Electricity,High,Frustrated,Ward_09
GRV-2024-101199,mrgncy sddnly tdy divder cmpltly brokn bsd hspitl,English,Roads & Traffic,High,Frustrated,Ward_26
GRV-2024-101623,गटाराचे पाणी मिसळले मेट्रो स्टेशनजवळ,Marathi,Water Supply,High,Frustrated,Ward_17
GRV-2024-101877,GUTTER KA PAANI GHAR ME AA RAHA WATERLOGGING KE BAAD ATM KE SAAMNE,Hinglish,Sanitation & Waste,Medium,Panic,Ward_25
GRV-2024-101509,rgnt pipelin brst suddnly t trffc squr sddenly tdy,English,Water Supply,Critical,Frustrated,Ward_08
GRV-2024-101001,BHT BD GADDHA BN GY MRKT RD P,Hinglish,Roads & Traffic,High,Panic,Ward_09
GRV-2024-102240,tiles gayab hain path se pipeline khudai ke baad market road pe,Hinglish,Public Parks & Infrastructure,Critical,Angry,Ward_24
GRV-2024-100263,high tension line rboke in public garden,English,Electricity,Medium,Angry,Ward_06
GRV-2024-101290,fstval bhed m rd ndr j raha h ralwy crossing p,Hinglish,Roads & Traffic,High,Neutral,Ward_15
GRV-2024-102159,Jhoole broken,Hinglish,Public Parks & Infrastructure,High,Panic,Ward_03
GRV-2024-101783,sewer line blocked beside hospiatl,English,Sanitation & Waste,Low,Frustrated,Ward_05
GRV-2024-100415,transformer blasted near bus stand,English,Electricity,High,Frustrated,Ward_06
GRV-2024-101113,road andar ja raha hai apartment ke bagal me toofan ke time,Hinglish,Roads & Traffic,Medium,Frustrated,Ward_11
GRV-2024-100358,मंडईजवळ मीटर बॉक्सला आग लागली लवकर बघा,Marathi,Electricity,High,Angry,Ward_20
GRV-2024-101173,bohot bada gaddha ban gaya aaj achanak garden em,Hinglish,Roads & Traffic,High,Panic,Ward_26
GRV-2024-100008,शॉर्ट सर्किट हो गया कल शाम से रेलवे क्रॉसिंग के पास,Hindi,Electricity,High,Angry,Ward_20
GRV-2024-102020,danger hai bhai kal shaam se sewer line block ho gayi apartment ke bagal me,Hinglish,Sanitation & Waste,High,Panic,Ward_01
GRV-2024-100316,Why s nbdy listning havy spark frm trnsfrmr near rlwy crssng,English,Electricity,High,Panic,Ward_12
GRV-2024-100304,BLAST HUA,Bengali,Electricity,High,Angry,Ward_03
GRV-2024-100427,transformer udd gaya mandir ke bahar danger hai bhai,Hinglish,Electricity,Critical,Angry,Ward_16
GRV-2024-100105,रस्त्यावर करंट पसरत आहे मुख्य चौकात,Marathi,Electricity,Medium,Pleading,Ward_27
GRV-2024-102044,hospital ke bagal me kachre se dhuaan aa raha,Hinglish,Sanitation & Waste,Critical,Panic,Ward_14
GRV-2024-100121,outside temple pole fell down,English,Electricity,High,Frustrated,Ward_19
GRV-2024-100821,সিগন্যাল খারাপ বিদ্যুৎ বিভ্রাটের সময় মন্দিরের বাইরে,Bengali,Roads & Traffic,High,Panic,Ward_09
GRV-2024-101552,पाइपलाइन फट गई बाजार की सड़क पर,Hindi,Water Supply,High,Neutral,Ward_04
GRV-2024-102290,पब्लिक टॉयलेट में पानी नहीं है बिजली कटौती के दौरान बस्ती में ????,Hindi,Public Parks & Infrastructure,Critical,Frustrated,Ward_18
GRV-2024-101398,gtter k pn mix ho gy,Hinglish,Water Supply,High,Angry,Ward_03
GRV-2024-101775,Toxic smoke ????,Marathi,Sanitation & Waste,Critical,Frustrated,Ward_27
GRV-2024-102299,MNDIR K BAHR WARYA KUTT PEECHE PD RAHE CNSTRCTION K BAAD,Hinglish,Public Parks & Infrastructure,Critical,Panic,Ward_23
GRV-2024-100115,Blast hua,English,Electricity,High,Neutral,Ward_06
GRV-2024-101513,Smelly water,Hindi,Water Supply,Low,Angry,Ward_25
GRV-2024-100744,jaldi dekho bohot bada gaddha ban gaya railway crossing pe,Hinglish,Roads & Traffic,Critical,Angry,Ward_26
GRV-2024-101558,fter cnstrctn wrk bsid hsptl kids r n dangr pplin brst sddnly,English,Water Supply,Critical,Frustrated,Ward_11
GRV-2024-102333,Park dark,Hindi,Public Parks & Infrastructure,Critical,Angry,Ward_15
GRV-2024-100911,Gddh!!!,Hinglish,Roads & Traffic,Critical,Frustrated,Ward_07
GRV-2024-101488,Arre yaar paani aa hi nahi raha garden me kal shaam se,Hinglish,Water Supply,Critical,Panic,Ward_23
GRV-2024-100672,खंभा गिर गया भारी बारिश के बाद एटीएम के सामने ????,Hindi,Electricity,Critical,Pleading,Ward_14
GRV-2024-102306,Jhool brkn,Hinglish,Public Parks & Infrastructure,High,Angry,Ward_26
GRV-2024-102051,নির্মাণ কাজের পর রাস্তায় আবর্জনা সরকারি স্কুলের কাছে দয়া করে সাহায্য করুন,Bengali,Sanitation & Waste,High,Frustrated,Ward_20
GRV-2024-101640,pipeline burst suddenly near metro station,English,Water Supply,Critical,Pleading,Ward_22
GRV-2024-100309,बस स्टैंड के पास ट्रांसफार्मर से स्पार्किंग हो रही है तुरंत ध्यान दें,Hindi,Electricity,Critical,Frustrated,Ward_06
GRV-2024-100591,SHORT CIRCUIT HAPPENED NEAR GOVT SCHOOL,English,Electricity,High,Panic,Ward_28
GRV-2024-100462,HEAVY SPARK FROM TRANSFORMER BESIDE APARTMENT TOWER,English,Electricity,High,Panic,Ward_03
GRV-2024-101987,खतरा है मच्छर बहुत हो गए हैं,Hindi,Sanitation & Waste,Critical,Angry,Ward_01
GRV-2024-100941,Signal dead,Hindi,Roads & Traffic,High,Frustrated,Ward_26
GRV-2024-101647,swag mxd wth drnkng wtr n publc grdn sddnly toady ????,English,Water Supply,Critical,Frustrated,Ward_28
GRV-2024-102366,वादळादरम्यान पार्कमध्ये गवत वाढले,Marathi,Public Parks & Infrastructure,High,Angry,Ward_23
GRV-2024-100552,kl shm s mrgncy h transfrmr s chingr  rh!!,Hinglish,Electricity,Critical,Frustrated,Ward_16
GRV-2024-100087,lv wir hngng tsid templ,English,Electricity,Medium,Panic,Ward_07
GRV-2024-100690,SHORT CIRCUIT HAPPENED NEAR BUS STAND,English,Electricity,High,Angry,Ward_10
GRV-2024-101691,निर्माण कार्य के बाद पानी से बदबू आ रही है कॉलोनी गेट पर,Hindi,Water Supply,High,Frustrated,Ward_29
GRV-2024-102412,tiles gayab hain path se colony gate par,Hinglish,Public Parks & Infrastructure,Critical,Frustrated,Ward_05
GRV-2024-101615,koi sun lo tanker nahi aaya railway crossing pe waterlogging ke baad,Hinglish,Water Supply,High,Frustrated,Ward_25
GRV-2024-101161,KOI ACTION KYU NAHI LE RAHA ROAD PURA DHANS GAYA,Hinglish,Roads & Traffic,High,Angry,Ward_26
GRV-2024-102420,கழிப்பறையில் தண்ணீர் இல்லை கனமழைக்கு பின் ரயில்வே கிராசிங் அருகில் ஆபத்து,Tamil,Public Parks & Infrastructure,High,Angry,Ward_05
GRV-2024-101413,पाणी येत नाहीये रेल्वे क्रॉसिंगजवळ!!,Marathi,Water Supply,Critical,Angry,Ward_13
GRV-2024-102219,sbz mand ke pas jhl tot gy hn Pls hlp jldi,Hinglish,Public Parks & Infrastructure,Medium,Pleading,Ward_12
GRV-2024-100543,कल शाम से पूरे इलाके में अंधेरा है अपार्टमेंट के पास,Hindi,Electricity,Medium,Angry,Ward_18
GRV-2024-101760,Why is nobody listening during festival crowd no sweeping done near bus stand,English,Sanitation & Waste,Low,Frustrated,Ward_28
GRV-2024-102216,पब्लिक टॉयलेट में पानी नहीं है बिजली कटौती के दौरान बस्ती में,Hindi,Public Parks & Infrastructure,Medium,Frustrated,Ward_15
GRV-2024-100494,transformer blasted Sir pls help near govt school!!!,English,Electricity,Critical,Panic,Ward_06
GRV-2024-100365,SHORT CIRCUIT HO GAYA MAKRET ROAD PE,Hinglish,Electricity,High,Panic,Ward_11
GRV-2024-102258,TILES GAYAB HAIN PATH SE,Hinglish,Public Parks & Infrastructure,Critical,Panic,Ward_22
GRV-2024-101550,beside hospital loko at this getting muddy water,English,Water Supply,High,Frustrated,Ward_29
GRV-2024-100273,पब्लिक गार्डन में शॉर्ट सर्किट हो गया,Hindi,Electricity,High,Frustrated,Ward_21
GRV-2024-100788,KHOD KE CHHOD DIYA ARRE YAAR KAL SHAAM SE,Hinglish,Roads & Traffic,Critical,Panic,Ward_23
GRV-2024-100071,मदद करें जीवित तार लटक रहा है ट्रैफिक चौराहे पर,Hindi,Electricity,High,Frustrated,Ward_04
GRV-2024-101242,Divider broken,Bengali,Roads & Traffic,High,Panic,Ward_05
GRV-2024-101811,apartment ke bagal me macchar bohot ho gaye,Hinglish,Sanitation & Waste,Critical,Panic,Ward_06
GRV-2024-100063,खंभा गिर गया स्थिति बहुत खराब है कॉलोनी गेट पर,Hindi,Electricity,Low,Panic,Ward_16
GRV-2024-100394,since yesterday evening current spreading on road in public garden,English,Electricity,Critical,Frustrated,Ward_01
GRV-2024-101204,बहुत बड़ा गड्ढा हो गया है भारी बारिश के बाद पब्लिक गार्डन में!!,Hindi,Roads & Traffic,Critical,Angry,Ward_17
GRV-2024-100343,Transfromer dead,Hinglish,Electricity,High,Frustrated,Ward_23
GRV-2024-101374,suddnly tody n spply at all bsid ATM,English,Water Supply,Critical,Angry,Ward_21
GRV-2024-101380,PAANI NAHI AA RAHA,Hinglish,Water Supply,Critical,Panic,Ward_01
GRV-2024-100500,high tension line broke beside hospital,English,Electricity,High,Panic,Ward_26
GRV-2024-101672,Smelly water,English,Water Supply,High,Panic,Ward_09
GRV-2024-100677,toofan ke time transformer udd gaya dairy booth ke pass,Hinglish,Electricity,High,Panic,Ward_07
GRV-2024-101027,KIDS ARE IN DANGER DURING THE STORM DIGGING LEFT UNFINISHED,English,Roads & Traffic,Critical,Angry,Ward_04
GRV-2024-101886,safai naih hui bus stand ke waha,Hinglish,Sanitation & Waste,High,Angry,Ward_15
GRV-2024-102465,fstvl bhd m park k light khrb h hsptl k bgal m ????,Hinglish,Public Parks & Infrastructure,Critical,Pleading,Ward_09
GRV-2024-100272,Look at this live wire hanging near bus stand after waterlogging ????,English,Electricity,Critical,Panic,Ward_09
GRV-2024-102473,duirng festival crowd swings are dangerously broken outside temple,English,Public Parks & Infrastructure,Critical,Neutral,Ward_23
GRV-2024-100205,स्थिति बहुत खराब है जीवित तार लटक रहा है एटीएम के सामने ????,Hindi,Electricity,Critical,Angry,Ward_03
GRV-2024-100733,at night time open manhole at colony gate,English,Roads & Traffic,Medium,Angry,Ward_01
GRV-2024-100152,hgh tension lin brk Lk at this ner rlwy crssng dring th storm,English,Electricity,High,Panic,Ward_18
GRV-2024-102370,पार्क की लाइट खराब है भारी बारिश के बाद बस स्टैंड के पास!!!,Hindi,Public Parks & Infrastructure,Critical,Frustrated,Ward_26
GRV-2024-100557,trnsfrmr blstd bsd aprtmnt towr,English,Electricity,Critical,Panic,Ward_14
GRV-2024-100377,URGENT on market road meter box caught fire,English,Electricity,High,Panic,Ward_02
GRV-2024-100535,Current leak,Hindi,Electricity,Low,Neutral,Ward_08
GRV-2024-100973,ARRE YAAR KICHAD HI KICHAD HAI WATERLOGGING KE BAAD,Hinglish,Roads & Traffic,High,Panic,Ward_10
GRV-2024-101000,तूफान के दौरान सड़क नीचे जा रही है अपार्टमेंट के पास!!,Hindi,Roads & Traffic,Critical,Frustrated,Ward_08
GRV-2024-101872,Naali block,Hinglish,Sanitation & Waste,Low,Frustrated,Ward_22
GRV-2024-100198,pl fll dwn n slum ar,English,Electricity,Critical,Angry,Ward_01
GRV-2024-100561,Sr pls hlp snc ystrdy evning hvy sprk frm transfrmr t colony gate,English,Electricity,Critical,Panic,Ward_21
GRV-2024-100685,rod pe current  rah h dry both k pss,Hinglish,Electricity,High,Angry,Ward_21
GRV-2024-101213,Accident road,Hindi,Roads & Traffic,High,Panic,Ward_20
GRV-2024-100590,trnsfrmr expldd during th strm,English,Electricity,Low,Panic,Ward_29
GRV-2024-100519,मीटर बॉक्सला आग लागली,Marathi,Electricity,Critical,Panic,Ward_11
GRV-2024-100308,मीटर बॉक्स जल गया,Hindi,Electricity,Critical,Angry,Ward_03
GRV-2024-100604,T NGHT TM ON MARKT RD HVY SPRK FROM TRANSFRMER,English,Electricity,High,Angry,Ward_03
GRV-2024-102154,BUS STAND KE WAHA GYM KA SAAMAN TOOT GAYA,Hinglish,Public Parks & Infrastructure,High,Panic,Ward_07
GRV-2024-102259,भारी बारिश के बाद कोई सुन क्यों नहीं रहा पब्लिक टॉयलेट में पानी नहीं है,Hindi,Public Parks & Infrastructure,Low,Panic,Ward_19
GRV-2024-100059,Terrible situation suddenly today short circuit happened at colony gtae,English,Electricity,High,Panic,Ward_14
GRV-2024-100583,mtr m ag lg gy dry both k pss,Hinglish,Electricity,Critical,Neutral,Ward_09
GRV-2024-100859,ROAD ANDRA JA RAHA HAI AAJ ACHANAK SABZI MANDI KE PAAS,Hinglish,Roads & Traffic,Critical,Panic,Ward_24
GRV-2024-100207,Completely unacceptable after pipeline digging entire area is dark near vegetable market,English,Electricity,Medium,Frustrated,Ward_17
GRV-2024-102017,Dead dog,Bengali,Sanitation & Waste,Medium,Pleading,Ward_14
GRV-2024-100869,ஐயா தயவுசெய்து உதவுங்கள் பணிகள் முடிக்கப்படவில்லை அரசு பள்ளி அருகில்,Tamil,Roads & Traffic,High,Frustrated,Ward_12
GRV-2024-100785,Signal dead,English,Roads & Traffic,Medium,Frustrated,Ward_08
GRV-2024-100906,iDvider broken,English,Roads & Traffic,High,Frustrated,Ward_14
GRV-2024-102427,பஸ் ஸ்டாண்ட் அருகில் மின்வெட்டின் போது பூங்கா விளக்குகள் எரியவில்லை,Tamil,Public Parks & Infrastructure,High,Angry,Ward_22
GRV-2024-100792,Arre yaar road pura dhans gaya hospital ke bagal me kal shaam es,Hinglish,Roads & Traffic,High,Pleading,Ward_12
GRV-2024-100831,Gaddha,Marathi,Roads & Traffic,High,Angry,Ward_21
GRV-2024-100162,baarsih ke baad transformer blast ho gaya mandir ke bahar,Hinglish,Electricity,High,Frustrated,Ward_02
GRV-2024-101307,कृपया जल्दी देखें पीने के पानी में सीवर का पानी!!,Hindi,Water Supply,Critical,Frustrated,Ward_09
GRV-2024-100526,nangi taar latak rahi hai dairy booth ke pass,Hinglish,Electricity,High,Frustrated,Ward_08
GRV-2024-101576,SEWAGE MIXED WITH DRINKING WATER BESIDE HOSPITAL,English,Water Supply,Medium,Angry,Ward_24
GRV-2024-100256,puri colony me andhera hai bus stand ke waha ????,Hinglish,Electricity,Critical,Frustrated,Ward_24
GRV-2024-100506,transformer exploded!!!,English,Electricity,Critical,Frustrated,Ward_06
GRV-2024-101956,मेलेले जनावर पडले आहे बस स्टँडजवळ,Marathi,Sanitation & Waste,Low,Pleading,Ward_18
GRV-2024-102120,Dead dog,Marathi,Sanitation & Waste,High,Neutral,Ward_07
GRV-2024-102228,construction ke baad park ki light kharab hai sabzi mandi ke apas,Hinglish,Public Parks & Infrastructure,High,Panic,Ward_10
GRV-2024-102164,Jaldi dekho park ki light kharab hai apartment ke bagal me waterloggnig ke baad,Hinglish,Public Parks & Infrastructure,High,Frustrated,Ward_07
GRV-2024-100862,सिग्नल बंद आहे रात्रीच्या वेळी,Marathi,Roads & Traffic,High,Frustrated,Ward_03
GRV-2024-101675,पीने के पानी में सीवर का पानी रेलवे क्रॉसिंग के पास जलभराव के बाद,Hindi,Water Supply,Critical,Angry,Ward_07
GRV-2024-100020,ট্রান্সফরমার বাস্ট করেছে মন্দিরের বাইরে,Bengali,Electricity,Medium,Panic,Ward_15
GRV-2024-101404,pressr bohot kam hi mndr ke bhr,Hinglish,Water Supply,High,Frustrated,Ward_23
GRV-2024-100439,sabzi mandi ke paas meter me aag lag gayi ????,Hinglish,Electricity,Critical,Angry,Ward_13
GRV-2024-101087,digging lft unfnishd t trffc sqr,English,Roads & Traffic,High,Frustrated,Ward_19
GRV-2024-100381,heavy spark from transformer in slum area,English,Electricity,High,Angry,Ward_07
GRV-2024-102108,कल शाम से कचरा सड़क पर फैल रहा है स्थिति बहुत खराब है,Hindi,Sanitation & Waste,Low,Frustrated,Ward_06
GRV-2024-101261,pan bhr gy pr pplin khuda k bd prtmnt ke bgl m,Hinglish,Roads & Traffic,Critical,Panic,Ward_02
GRV-2024-100538,TRNSFRMR BLST H GAYA BRSH K BAAD CCHNG CENTR K BHR,Hinglish,Electricity,High,Panic,Ward_25
GRV-2024-100881,Sr pls help t night tm dvder cmpltly brkn outsd cachng center,English,Roads & Traffic,High,Panic,Ward_04
GRV-2024-100902,open manhole,English,Roads & Traffic,Critical,Pleading,Ward_20
GRV-2024-100083,mter bx cght fr ftr havy rain nar ptrl pmp,English,Electricity,Low,Panic,Ward_05
GRV-2024-102103,near railway crossing gutter overflowing into houses during the storm!!,English,Sanitation & Waste,Critical,Angry,Ward_04
GRV-2024-101200,पेट्रोल पंप के पास ट्रैफिक सिग्नल बंद है,Hindi,Roads & Traffic,High,Angry,Ward_13
GRV-2024-101309,KAL SHAAM SE KICHAD WALA PAANI AA RAHA GOVT SCHOOL KE PASS,Hinglish,Water Supply,Low,Angry,Ward_29
GRV-2024-101226,pani bhar gya pr wtrlgging k bd colny gte pr,Hinglish,Roads & Traffic,High,Pleading,Ward_27
GRV-2024-102130,Dead dog,Bengali,Sanitation & Waste,High,Frustrated,Ward_28
GRV-2024-101749,DYR TAPS!!!,Hinglish,Water Supply,Critical,Panic,Ward_01
GRV-2024-100270,SIR PLS TRAFFIC CHAURAHA PE TRANSFORMER SE CIHNGARI AA RAHI!!!,Hinglish,Electricity,Critical,Angry,Ward_10
GRV-2024-101271,बहुत बड़ा गड्ढा हो गया है मंदिर के बाहर,Hindi,Roads & Traffic,High,Neutral,Ward_11
GRV-2024-101259,baarish ke baad bohot bada gaddha ban gaya ATM ke saamne,Hinglish,Roads & Traffic,Medium,Angry,Ward_26
GRV-2024-102060,PLASE CHCK IMMDTLY AFTR PIPELN DGGNG MOSQTES BREDNG N STGNNT WTR N PUBLC GRDEN,English,Sanitation & Waste,Low,Angry,Ward_08
GRV-2024-102263,prk hs bcm a jngl nr mtro tsatin,English,Public Parks & Infrastructure,High,Panic,Ward_21
GRV-2024-101599,घाण पाणी येत आहे शाळेजवळ!!!,Marathi,Water Supply,Critical,Panic,Ward_21
GRV-2024-101960,Trerible situation sewer line blocked in slum area,English,Sanitation & Waste,High,Frustrated,Ward_07
GRV-2024-101029,near bus stand main market road collapsed after pipeline digging,English,Roads & Traffic,Critical,Frustrated,Ward_11
GRV-2024-100429,शॉर्ट सर्किट झाले वीज कपातीदरम्यान,Marathi,Electricity,Medium,Angry,Ward_02
GRV-2024-102004,diry bth k pss rr yr gtter ka pan ghr m  rh,Hinglish,Sanitation & Waste,Medium,Angry,Ward_14
GRV-2024-102193,பூங்கா விளக்குகள் எரியவில்லை மெட்ரோ நிலையம் அருகில் கட்டுமான பணிக்கு பின்,Tamil,Public Parks & Infrastructure,Critical,Neutral,Ward_11
GRV-2024-102204,bus stnad ke waha park ki light kharab hai waterlogging ke baad,Hinglish,Public Parks & Infrastructure,High,Neutral,Ward_03
GRV-2024-100458,trnsfrmr dad!!,Hinglish,Electricity,Critical,Pleading,Ward_06
GRV-2024-100078,निर्माण कार्य के बाद सड़क पर करंट फैल रहा है अस्पताल के सामने,Hindi,Electricity,High,Frustrated,Ward_05
GRV-2024-102429,sir pls awariya kutte peeche pad rahe slum area me festival bheed me,Hinglish,Public Parks & Infrastructure,Medium,Angry,Ward_22
GRV-2024-102132,N MRKT RAD DD NIMAL SMLLNG BD FTR WTRLGGNG,English,Sanitation & Waste,High,Angry,Ward_16
GRV-2024-100032,after waterlogging Kids are in danger transformer exploded beside ATM,English,Electricity,High,Frustrated,Ward_02
GRV-2024-102124,kachre se dhuaan aa raha coaching center ke bahar,Hinglish,Sanitation & Waste,Low,Panic,Ward_02
GRV-2024-101349,gtting muddy wtr fter hvy rin,English,Water Supply,Low,Frustrated,Ward_16
GRV-2024-102243,Dogs in park,Marathi,Public Parks & Infrastructure,Critical,Angry,Ward_16
GRV-2024-100380,CURRENT LEAK,Hinglish,Electricity,Critical,Angry,Ward_07
GRV-2024-100226,transformer exploded Look at this near metro station,English,Electricity,Medium,Frustrated,Ward_15
GRV-2024-101994,mosquitoes breeding in stagnant water outside temple ????,English,Sanitation & Waste,Critical,Angry,Ward_14
GRV-2024-101192,HUGE POTHOLE CAUSED ACCIDENT AT NIGHT TIME COMPLETELY UNCACEPTABLE NEAR BUS STAND,English,Roads & Traffic,High,Panic,Ward_22
GRV-2024-100715,Traffic jam,Hindi,Roads & Traffic,Medium,Angry,Ward_02
GRV-2024-101762,TOOFAN KE TIME KACHRE SE DHUAAN AA RAHA MARKET ROAD PE,Hinglish,Sanitation & Waste,High,Panic,Ward_06
GRV-2024-100686,শর্ট সার্কিট হয়েছে বিদ্যুৎ বিভ্রাটের সময়,Bengali,Electricity,Critical,Angry,Ward_01
GRV-2024-102131,drng fstvl crwd emrgncy nr rlwy crssng grbg ovrflwng n road,English,Sanitation & Waste,Low,Frustrated,Ward_28
GRV-2024-102484,awariya kutte peeche pad rahe construction ke baad,Hinglish,Public Parks & Infrastructure,High,Neutral,Ward_28
GRV-2024-100305,खंभा गिर गया भारी बारिश के बाद बाजार की सड़क पर,Hindi,Electricity,Medium,Pleading,Ward_29
GRV-2024-100209,रात के समय खंभा गिर गया,Hindi,Electricity,High,Frustrated,Ward_28
GRV-2024-102153,Gym broken!!,English,Public Parks & Infrastructure,Critical,Frustrated,Ward_19
GRV-2024-101670,sir pls help extremely low pressure beside hospital after construction work,English,Water Supply,High,Panic,Ward_14
GRV-2024-102477,झूले टूट गए हैं त्योहार की भीड़ में,Hindi,Public Parks & Infrastructure,High,Panic,Ward_25
GRV-2024-101071,APRTMENT K BGL M KHD K CHHD DY!!,Hinglish,Roads & Traffic,Critical,Angry,Ward_06
GRV-2024-101934,জরুরী জল জমার পর মৃত প্রাণী পড়ে আছে রেলওয়ে ক্রসিংয়ের কাছে,Bengali,Sanitation & Waste,Medium,Angry,Ward_13
GRV-2024-101137,ट्रैफिक चौराहे पर तुरंत ध्यान दें सड़क पूरी तरह धंस गई है,Hindi,Roads & Traffic,High,Neutral,Ward_12
GRV-2024-102007,baarish ke baad macchar bohot ho gaye govt shcool ke pass,Hinglish,Sanitation & Waste,Low,Frustrated,Ward_06
GRV-2024-100937,sgnl dead,Hinglish,Roads & Traffic,Critical,Angry,Ward_25
GRV-2024-100191,meter me aag lag gayi bus stand ke waha!!!,Hinglish,Electricity,Critical,Neutral,Ward_08
GRV-2024-101211,divider completely broken on market road!!,English,Roads & Traffic,Critical,Panic,Ward_18
GRV-2024-101075,सड़क पर कीचड़ है एटीएम के सामने,Hindi,Roads & Traffic,High,Angry,Ward_28
GRV-2024-102456,Gym broken,Bengali,Public Parks & Infrastructure,High,Panic,Ward_11
GRV-2024-100483,snc yestrdy vning hvy sprk frm transformer,English,Electricity,High,Frustrated,Ward_28
GRV-2024-102383,झूले टूट गए हैं रेलवे क्रॉसिंग के पास,Hindi,Public Parks & Infrastructure,Critical,Angry,Ward_17
GRV-2024-101604,after heavy rain no supply at all near railway crossing,English,Water Supply,High,Angry,Ward_18
GRV-2024-100277,trnsformr blstd nr bs stnd sddnly tdy,English,Electricity,Medium,Pleading,Ward_26
GRV-2024-101508,rr yar toofn k tm nl skh gy mrket rd p,Hinglish,Water Supply,Low,Frustrated,Ward_22
GRV-2024-100221,TRANSFORMER EXPLODED DURING FESTIVAL CROWD BESIDE APARTMENT TOWER,English,Electricity,Medium,Panic,Ward_20
GRV-2024-101229,pni bhr gya pra constrctin k baad mandr k bhar,Hinglish,Roads & Traffic,Medium,Panic,Ward_24
GRV-2024-100571,शॉर्ट सर्किट हो गया रेलवे क्रॉसिंग के पास,Hindi,Electricity,High,Neutral,Ward_14
GRV-2024-100411,high tension line broke after construction work on market road,English,Electricity,High,Frustrated,Ward_19
GRV-2024-101313,SIR PLS PRESSURE BOHOT KAM HAI SABZI MANDI KE PAAS WATERLOGGING KE BAAD,Hinglish,Water Supply,High,Panic,Ward_08
GRV-2024-101677,sewage mxed wth drinkng wtr ner vgtble mrkt t night time ????,English,Water Supply,Critical,Angry,Ward_29
GRV-2024-102178,jaldi dekho raat ke time gym ka saaman toot gaya market road pe,Hinglish,Public Parks & Infrastructure,Medium,Panic,Ward_07
GRV-2024-100585,transformer blasted near railway crossing,English,Electricity,Low,Panic,Ward_01
GRV-2024-101730,baarish ke baad pipeline fatt gayi colony gate par,Hinglish,Water Supply,Critical,Angry,Ward_05
GRV-2024-102019,मच्छर बहुत हो गए हैं मंदिर के बाहर,Hindi,Sanitation & Waste,Medium,Angry,Ward_13
GRV-2024-102493,awariya kutte peeche pad rahe baarish ke baad,Hinglish,Public Parks & Infrastructure,Low,Panic,Ward_25
GRV-2024-101563,कल शाम से पानी से बदबू आ रही है स्थिति बहुत खराब है,Hindi,Water Supply,High,Panic,Ward_01
GRV-2024-100674,WHY IS NOBODY LISTENING SHORT CIRCUIT HAPPENED NEAR PETROL PUMP,English,Electricity,High,Angry,Ward_23
GRV-2024-101177,slum ar m festivl bhed m dvdr toot gy ha,Hinglish,Roads & Traffic,Medium,Pleading,Ward_07
GRV-2024-100855,मंदिराबाहेर मॅनहोल उघडे आहे,Marathi,Roads & Traffic,Critical,Neutral,Ward_08
GRV-2024-100447,pls help jaldi transformer se chingari aa rahi bus stand ke waha,Hinglish,Electricity,High,Panic,Ward_22
GRV-2024-101905,कचरे से जहरीला धुआं निर्माण कार्य के बाद कोचिंग सेंटर के बाहर!!!,Hindi,Sanitation & Waste,Critical,Frustrated,Ward_22
GRV-2024-101530,getting muddy water near metro station ????,English,Water Supply,Critical,Frustrated,Ward_06
GRV-2024-100222,hgh tnsn ln brke,English,Electricity,Low,Angry,Ward_07
GRV-2024-101724,Piep leak,English,Water Supply,High,Angry,Ward_25
GRV-2024-102225,तूफान के दौरान रास्ते की टाइलें गायब हैं बाजार की सड़क पर,Hindi,Public Parks & Infrastructure,Low,Angry,Ward_29
GRV-2024-101628,DAIRY BOOTH KE PASS KICHAD WALA PAANI AA RAHA BAARISH KE BAAD!!,Hinglish,Water Supply,Critical,Angry,Ward_22
GRV-2024-101556,rr yr j chnk kchd wl pn  rh trffc churh p,Hinglish,Water Supply,Critical,Angry,Ward_08
GRV-2024-100969,त्योहार की भीड़ में पेट्रोल पंप के पास मैनहोल खुला है ????,Hindi,Roads & Traffic,Critical,Frustrated,Ward_27
GRV-2024-100045,URGENT at night time heavy spark from transformer near railway crossing,English,Electricity,Critical,Frustrated,Ward_23
GRV-2024-102189,gym ka saman tot gy rlway crssng p,Hinglish,Public Parks & Infrastructure,Critical,Pleading,Ward_17
GRV-2024-102364,open gym equipment damaged suddenly today,English,Public Parks & Infrastructure,High,Frustrated,Ward_11
GRV-2024-100294,during power cut beside apartment tower high tension line broke,English,Electricity,Critical,Angry,Ward_01
GRV-2024-101159,MAIN MARKET ROAD COLLAPSED NEAR VEGETABLE MARKET EMERGENCY!!!,English,Roads & Traffic,Critical,Angry,Ward_15
GRV-2024-100588,market raod pe khamba gir gaya ????,Hinglish,Electricity,Critical,Pleading,Ward_11
GRV-2024-102053,Koi sun lo safai nahi hui daiyr booth ke pass,Hinglish,Sanitation & Waste,High,Pleading,Ward_15
GRV-2024-100257,meter me aag lag gayi,Hinglish,Electricity,High,Panic,Ward_02
GRV-2024-102063,HSPTL KE BGAL M MR JNWAR PDA HI,Hinglish,Sanitation & Waste,Critical,Panic,Ward_20
GRV-2024-102466,pen gym quipmnt dmgd bsd apartmnt twr!!!,English,Public Parks & Infrastructure,Critical,Frustrated,Ward_06
GRV-2024-100926,स्थिति बहुत खराब है बस स्टैंड के पास बहुत बड़ा गड्ढा हो गया है ????,Hindi,Roads & Traffic,Critical,Frustrated,Ward_03
GRV-2024-102118,beside hospital sewer line blocked after construction work,English,Sanitation & Waste,Critical,Frustrated,Ward_02
GRV-2024-102297,PARK KI LIGHT KHARAB HAI BAARISH KE BAAD,Hinglish,Public Parks & Infrastructure,High,Panic,Ward_05
GRV-2024-100436,सड़क पर करंट फैल रहा है कोई सुन क्यों नहीं रहा डेयरी बूथ के पास,Hindi,Electricity,Low,Panic,Ward_09
GRV-2024-100976,in slum area main market road clolapsed,English,Roads & Traffic,Critical,Frustrated,Ward_21
GRV-2024-102036,मच्छर बहुत हो गए हैं पेट्रोल पंप के पास,Hindi,Sanitation & Waste,Critical,Panic,Ward_14
GRV-2024-100393,मीटर बॉक्स जल गया अपार्टमेंट के पास,Hindi,Electricity,High,Frustrated,Ward_02
GRV-2024-100425,at colony gate live wire hanging after construction work Sri pls help,English,Electricity,High,Frustrated,Ward_06
GRV-2024-100534,short circuit ho gaya govt school ke pass,Hinglish,Electricity,Critical,Pleading,Ward_03
GRV-2024-100030,पाणी साचल्यानंतर खांब पडला पेट्रोल पंपाजवळ!!!,Marathi,Electricity,Critical,Angry,Ward_11
GRV-2024-101642,Smelly water,Marathi,Water Supply,High,Frustrated,Ward_02
GRV-2024-102081,no sweeping done at traffic square,English,Sanitation & Waste,Critical,Neutral,Ward_07
GRV-2024-101146,nar gvt schol pen manhol rgnt,English,Roads & Traffic,High,Panic,Ward_02
GRV-2024-100746,slippery mud everywhere during the storm,English,Roads & Traffic,Medium,Neutral,Ward_08
GRV-2024-101750,TOOFAN KE TIME MARA JANWAR PADA HAI BUS STAND KE WAHA,Hinglish,Sanitation & Waste,Medium,Panic,Ward_22
GRV-2024-101984,कृपया जल्दी देखें सीवर लाइन जाम है,Hindi,Sanitation & Waste,Medium,Frustrated,Ward_18
GRV-2024-101268,AFTER HEAVY RAIN NEAR DAIRY BOOTH TRAFFIC SIGNAL IS DEAD,English,Roads & Traffic,Critical,Angry,Ward_16
GRV-2024-102342,hsptl k bgl m wtrlgging k bad publc tlet m pni nh,Hinglish,Public Parks & Infrastructure,High,Angry,Ward_06
GRV-2024-101718,FOUL SMELLING WATER EMERGENCY,English,Water Supply,Low,Panic,Ward_28
GRV-2024-102212,rat k tim gym k smn tt gya bs stand k wh,Hinglish,Public Parks & Infrastructure,High,Frustrated,Ward_27
GRV-2024-101412,Ganda paani,English,Water Supply,Low,Panic,Ward_05
GRV-2024-101711,கனமழைக்கு பின் தண்ணீர் வரவில்லை கோவில் வெளியே,Tamil,Water Supply,Medium,Angry,Ward_17
GRV-2024-102012,Gutter overflow,Tamil,Sanitation & Waste,Critical,Panic,Ward_24
GRV-2024-100344,high tension line broke in public garden!!,English,Electricity,Critical,Frustrated,Ward_24
GRV-2024-100556,CURRENT LEAK,Bengali,Electricity,Critical,Angry,Ward_15
GRV-2024-101423,festival bheed me gutter ka paani mix ho gaya govt school ke pass!!,Hinglish,Water Supply,Critical,Angry,Ward_18
GRV-2024-101037,gadhd!!,English,Roads & Traffic,Critical,Frustrated,Ward_12
GRV-2024-100680,TRANSFORMRE EXPLODED,English,Electricity,Critical,Angry,Ward_16
GRV-2024-102229,aftr watrlggng prk lghts ar cmpltly brokn bsde hsptl!!,English,Public Parks & Infrastructure,Critical,Angry,Ward_09
GRV-2024-101106,signal kharab pada hai slum area me,Hinglish,Roads & Traffic,High,Angry,Ward_04
GRV-2024-100570,SINC YSTRDAY EVNNG N MRKT RAD HVY SPARK FRM TRANSFRMR,English,Electricity,Low,Panic,Ward_14
GRV-2024-100352,khmba gr gya trffc churh pe,Hinglish,Electricity,High,Angry,Ward_15
GRV-2024-100091,on market road live wire hanging,English,Electricity,High,Frustrated,Ward_26
GRV-2024-101210,fstvl bheed m bht bda gddh bn gy ????,Hinglish,Roads & Traffic,Critical,Angry,Ward_06
GRV-2024-102106,near govt school dead animal smelling bad Terrible situation,English,Sanitation & Waste,Critical,Neutral,Ward_17
GRV-2024-101270,raod andar ja raha hai,Hinglish,Roads & Traffic,High,Frustrated,Ward_19
GRV-2024-102276,public toilet has no wtaer on market road,English,Public Parks & Infrastructure,High,Panic,Ward_12
GRV-2024-100261,after waterlogging transformer blasted please check immediately,English,Electricity,Critical,Frustrated,Ward_16
GRV-2024-101462,construction ke baad kichad wala paani aa raha sabzi mandi ke paas,Hinglish,Water Supply,Low,Angry,Ward_24
GRV-2024-100748,at night time Why is nobody listening road sinking,English,Roads & Traffic,Low,Angry,Ward_27
GRV-2024-101411,भारी बारिश के बाद टैंकर नहीं आया अस्पताल के सामने ????,Hindi,Water Supply,Critical,Angry,Ward_22
GRV-2024-101765,ஏடிஎம் அருகில் இறந்த விலங்கு,Tamil,Sanitation & Waste,Medium,Panic,Ward_26
GRV-2024-102437,PBLC TLET M PAAN NH TM KE SAMN,Hinglish,Public Parks & Infrastructure,High,Angry,Ward_07
GRV-2024-101383,during the storm getting muddy water,English,Water Supply,High,Panic,Ward_03
GRV-2024-101004,BOHOT BADA GADDHA BAN GAYA BUS STNAD KE WAHA!!,Hinglish,Roads & Traffic,Critical,Angry,Ward_06
GRV-2024-100567,TRANSFORMER SE CHINGARI AA RAHI POWER CUT KE TIME,Hinglish,Electricity,High,Panic,Ward_13
GRV-2024-100322,transformer se chingari aa rahi sabzi mandi ke paas!!!,Hinglish,Electricity,Critical,Frustrated,Ward_13
GRV-2024-101893,SEWER LINE BLOCKED DURING FESTIVAL CROWD NEAR PETROL PUMP,English,Sanitation & Waste,High,Angry,Ward_20
GRV-2024-102083,मच्छर बहुत हो गए हैं पाइपलाइन खुदाई के बाद डेयरी बूथ के पास,Hindi,Sanitation & Waste,Critical,Angry,Ward_15
GRV-2024-100348,road pe current aa raha hai,Hinglish,Electricity,High,Frustrated,Ward_17
GRV-2024-101089,dvdr tot gy h,Hinglish,Roads & Traffic,Critical,Panic,Ward_16
GRV-2024-101850,சாக்கடை அடைப்பு ரயில்வே கிராசிங் அருகில்!!!,Tamil,Sanitation & Waste,Critical,Angry,Ward_02
GRV-2024-100300,रात के समय शॉर्ट सर्किट हो गया,Hindi,Electricity,Critical,Panic,Ward_08
GRV-2024-101658,BACHAO KAL SHAAM SE PRESSURE BOHOT KAM HAI COLONY GATE PAR,Hinglish,Water Supply,High,Panic,Ward_09
GRV-2024-101316,नल सूखे हैं,Hindi,Water Supply,Medium,Panic,Ward_07
GRV-2024-102014,sir pls help toxic smoke from garbage near govt school,English,Sanitation & Waste,Critical,Frustrated,Ward_25
GRV-2024-101010,dvdr tot gy h clony gt pr,Hinglish,Roads & Traffic,High,Panic,Ward_07
GRV-2024-100964,why s nbdy listnng pen mnhol nr ptrol pmp,English,Roads & Traffic,High,Frustrated,Ward_02
GRV-2024-102369,swings are dangerously brokne on market road,English,Public Parks & Infrastructure,Low,Angry,Ward_15
GRV-2024-102355,public toilet me paani nahi baarish ke baad bus stand ke waha,Hinglish,Public Parks & Infrastructure,Critical,Angry,Ward_21
GRV-2024-101128,கனமழைக்கு பின் சாலை முற்றிலும் இடிந்தது மருத்துவமனை முன் ????,Tamil,Roads & Traffic,Critical,Frustrated,Ward_11
GRV-2024-100315,कोई सुन क्यों नहीं रहा निर्माण कार्य के बाद शॉर्ट सर्किट हो गया मंदिर के बाहर,Hindi,Electricity,Critical,Angry,Ward_09
GRV-2024-102069,KAL SHAAM SE SEWER LINE BLOCK HO GAYI,Hinglish,Sanitation & Waste,Critical,Panic,Ward_15
GRV-2024-100453,durng fstval crowd nr rlway crssng meter bx cght fr!!!,English,Electricity,Critical,Frustrated,Ward_22
GRV-2024-100913,tofan ke tm prtmnt k bgl me bhot bad gddha ban gy,Hinglish,Roads & Traffic,Medium,Neutral,Ward_05
GRV-2024-100601,CURRENT SPREADING ON ROAD ON MAREKT ROAD,English,Electricity,Low,Angry,Ward_11
GRV-2024-100175,AT TRAFFIC SQUARE LIVE WIRE AHNGING AFTER WATERLOGGING!!,English,Electricity,Critical,Panic,Ward_14
GRV-2024-100900,rod pr dhns gy trffic chrh p,Hinglish,Roads & Traffic,Medium,Panic,Ward_15
GRV-2024-102272,त्वरित लक्ष द्या काल संध्याकाळपासून पार्कमधील लाईट बंद आहेत!!!,Marathi,Public Parks & Infrastructure,Critical,Panic,Ward_08
GRV-2024-101298,apartment ke bagal me festival bheed me divider toot gaya hai,Hinglish,Roads & Traffic,Medium,Pleading,Ward_17
GRV-2024-100037,puri colony me andhera hai petrol pump ke pass,Hinglish,Electricity,Medium,Panic,Ward_23
GRV-2024-100974,গতকাল সন্ধ্যা থেকে সিগন্যাল খারাপ হাসপাতালের সামনে,Bengali,Roads & Traffic,High,Panic,Ward_02
GRV-2024-100123,KHAMBA GIR GAYA PIPELINE KHUDAI KE BAAD PSL HELP JALDI,Hinglish,Electricity,Medium,Angry,Ward_24
GRV-2024-101741,tp s dry n slum ara,English,Water Supply,Low,Neutral,Ward_26
GRV-2024-102418,आवारा कुत्ते बच्चों के पीछे भाग रहे हैं बिजली कटौती के दौरान बाजार की सड़क पर,Hindi,Public Parks & Infrastructure,Critical,Panic,Ward_24
GRV-2024-100039,pole fell down at night time!!,English,Electricity,Critical,Frustrated,Ward_26
GRV-2024-102416,gym ka saaman toot gaya baarish ke baad ATM ke saamne,Hinglish,Public Parks & Infrastructure,High,Angry,Ward_25
GRV-2024-102009,guttr ovrflowing int hss snce ystrday evnng t clny gt,English,Sanitation & Waste,Critical,Frustrated,Ward_04
GRV-2024-101771,MACCHAR BOHOT HO GAYE,Hinglish,Sanitation & Waste,Critical,Panic,Ward_04
GRV-2024-101965,kchr se dhun a rha ptrl pmp k pss!!,Hinglish,Sanitation & Waste,Critical,Frustrated,Ward_10
GRV-2024-101498,nal sookh gaye Emergency hai,Hinglish,Water Supply,Medium,Panic,Ward_13
GRV-2024-100634,slum area me nangi taar latak rahi hai,Hinglish,Electricity,Medium,Pleading,Ward_23
GRV-2024-101966,Naali block!!!,Bengali,Sanitation & Waste,Critical,Panic,Ward_15
GRV-2024-100579,உதவி ஷார்ட் சர்க்யூட் மருத்துவமனை முன்,Tamil,Electricity,Critical,Frustrated,Ward_05
GRV-2024-101535,गंदा पानी आ रहा है अस्पताल के सामने,Hindi,Water Supply,Low,Frustrated,Ward_14
GRV-2024-100892,डिवाइडर टूट गया है आपातकाल!!!,Hindi,Roads & Traffic,Critical,Panic,Ward_06
GRV-2024-100780,road andar ja raha hai kal shaam se slmu area me,Hinglish,Roads & Traffic,Critical,Frustrated,Ward_12
GRV-2024-100159,मीटर बॉक्सला आग लागली मुसळधार पावसानंतर,Marathi,Electricity,Medium,Frustrated,Ward_20
GRV-2024-101652,Emergency tap is dry at traffic square,English,Water Supply,Medium,Neutral,Ward_28
GRV-2024-101151,Terrible situation after waterlogging digging left unfinished near bus stand,English,Roads & Traffic,High,Panic,Ward_13
GRV-2024-100061,pr clny me ndhra ha tfn k tim,Hinglish,Electricity,Critical,Panic,Ward_09
GRV-2024-100849,mtr sttn k pss khd k chhd dy rt ke tim,Hinglish,Roads & Traffic,Medium,Angry,Ward_18
GRV-2024-101544,gutter ka paani mix ho gaya pipeline khudai ke baad,Hinglish,Water Supply,High,Angry,Ward_21
GRV-2024-102410,PARK KI LIGHT KHARAB HAI GOVT SCHOOL KE PASS,Hinglish,Public Parks & Infrastructure,High,Panic,Ward_10
GRV-2024-101043,BHT BAD GDDH BAN GY PTRL PUMP K PASS,Hinglish,Roads & Traffic,High,Angry,Ward_25
GRV-2024-102203,garden me public toilet me paani nahi,Hinglish,Public Parks & Infrastructure,High,Frustrated,Ward_06
GRV-2024-102166,jhl brkn,Hinglish,Public Parks & Infrastructure,Medium,Panic,Ward_01
GRV-2024-100053,सर मदद करें रात के समय खंभा गिर गया पब्लिक गार्डन में!!,Hindi,Electricity,Critical,Frustrated,Ward_14
GRV-2024-101546,getting muddy water near railway crossing during the storm ????,English,Water Supply,Critical,Pleading,Ward_27
GRV-2024-100505,LOOK AT THIS ENTRIE AREA IS DARK AT TRAFFIC SQUARE,English,Electricity,Critical,Panic,Ward_21
GRV-2024-100752,GADDHA,Hindi,Roads & Traffic,Low,Panic,Ward_18
GRV-2024-101379,extremely low pressure at traffic square!!,English,Water Supply,Critical,Pleading,Ward_04
GRV-2024-101421,paani se badboo aa rahi power cut ke time daiyr booth ke pass,Hinglish,Water Supply,Low,Frustrated,Ward_04
GRV-2024-101391,AAJ ACHANAK GUTTER KA PAANI MIX HO GAYA RAILWAY CROSSING PE!!,Hinglish,Water Supply,Critical,Angry,Ward_13
GRV-2024-102374,HJOOLE TOOT GAYE HAIN SLUM AREA ME RAAT KE TIME,Hinglish,Public Parks & Infrastructure,High,Panic,Ward_26
GRV-2024-102283,pblc tlt me pn nah mndr k bhr,Hinglish,Public Parks & Infrastructure,Critical,Frustrated,Ward_04
GRV-2024-100771,सड़क पर पानी भरा है एटीएम के सामने पाइपलाइन खुदाई के बाद,Hindi,Roads & Traffic,Low,Pleading,Ward_11
GRV-2024-102338,कृपया जल्दी देखें कल शाम से रास्ते की टाइलें गायब हैं सरकारी स्कूल के पास,Hindi,Public Parks & Infrastructure,High,Frustrated,Ward_29
GRV-2024-102234,public toilet has no water since yesterday evening near metro station ????,English,Public Parks & Infrastructure,Critical,Angry,Ward_29
GRV-2024-101193,signal kharab pada hai hospital ke bagal me,Hinglish,Roads & Traffic,Medium,Frustrated,Ward_09
GRV-2024-101189,मुसळधार पावसानंतर रस्त्याचे काम अपूर्ण आहे शाळेजवळ,Marathi,Roads & Traffic,High,Panic,Ward_02
GRV-2024-101898,mara janwar pada hai kal shaam se metro station ke pass,Hinglish,Sanitation & Waste,Low,Pleading,Ward_06
GRV-2024-101818,Bachao safai nahi hui garden me pipeline khudai ke baad!!!,Hinglish,Sanitation & Waste,Critical,Angry,Ward_25
GRV-2024-101865,N SWPNG DN ????,English,Sanitation & Waste,Critical,Angry,Ward_14
GRV-2024-101190,SIGNAL KHARAB PADA HAI WATERLOGGING KE BAAD MANDIR KE BAHAR,Hinglish,Roads & Traffic,High,Angry,Ward_26
GRV-2024-100963,பணிகள் முடிக்கப்படவில்லை கனமழைக்கு பின் மெட்ரோ நிலையம் அருகில்!!!,Tamil,Roads & Traffic,Critical,Neutral,Ward_26
GRV-2024-101666,TAP IS DRY IN SLUM AREA ????,English,Water Supply,Critical,Angry,Ward_10
GRV-2024-100398,baarish ke baad nangi taar latak rahi hai colony gate par,Hinglish,Electricity,Medium,Panic,Ward_04
GRV-2024-100584,ஷார்ட் சர்க்யூட் கனமழைக்கு பின்,Tamil,Electricity,High,Frustrated,Ward_07
GRV-2024-100948,paani bhar gaya pura bus stand ke waha,Hinglish,Roads & Traffic,High,Panic,Ward_14
GRV-2024-100704,ACCDIENT ROAD!!,Hinglish,Roads & Traffic,Critical,Angry,Ward_07
GRV-2024-100431,रात के समय अपार्टमेंट के पास हाई टेंशन तार टूट गया,Hindi,Electricity,Medium,Angry,Ward_20
GRV-2024-100292,after waterlogging high tension line broke,English,Electricity,High,Frustrated,Ward_29
GRV-2024-101851,तूफान के दौरान कचरे से जहरीला धुआं!!!,Hindi,Sanitation & Waste,Critical,Pleading,Ward_25
GRV-2024-101444,KICHAD WALA PAANI AA RAHA MANDIR KE BAHAR POWER CUT KE TIME,Hinglish,Water Supply,Low,Panic,Ward_08
GRV-2024-101601,पाणी येत नाहीये बस स्टँडजवळ!!,Marathi,Water Supply,Critical,Panic,Ward_05
GRV-2024-100002,Koi sun lo construction ke baad nangi taar latak rahi hai,Hinglish,Electricity,Low,Neutral,Ward_06
GRV-2024-100576,rd p crrnt  rh h kl shm s rilwy crssing p,Hinglish,Electricity,Low,Frustrated,Ward_12
GRV-2024-101790,गटर का पानी घर में आ रहा है पेट्रोल पंप के पास,Hindi,Sanitation & Waste,Low,Frustrated,Ward_03
GRV-2024-100339,heavy spark from tarnsformer near govt school ????,English,Electricity,Critical,Angry,Ward_27
GRV-2024-101105,রাস্তা খোঁড়াখুঁড়ি পড়ে আছে রেলওয়ে ক্রসিংয়ের কাছে ????,Bengali,Roads & Traffic,Critical,Frustrated,Ward_18
GRV-2024-100925,Koi action kyu nahi le raha aaj achanak bohot bada gaddha ban gaya apartment ke bagal me,Hinglish,Roads & Traffic,Low,Frustrated,Ward_18
GRV-2024-100265,trnsfrmr blastd at nght tme,English,Electricity,Critical,Angry,Ward_24
GRV-2024-100376,சீக்கிரம் வாருங்கள் மின்வெட்டின் போது மின் கம்பி அறுந்து தொங்குகிறது ஏடிஎம் அருகில்,Tamil,Electricity,Low,Frustrated,Ward_05
GRV-2024-100271,Terrible situation current spreading on road beside hospital,English,Electricity,High,Angry,Ward_14
GRV-2024-100696,ट्रांसफार्मर में आग लग गई सरकारी स्कूल के पास,Hindi,Electricity,High,Neutral,Ward_22
GRV-2024-101618,DANGER HAI BHAI KICHAD WALA PAANI AA RAHA SABZI MANDI KE PAAS,Hinglish,Water Supply,Critical,Angry,Ward_11
GRV-2024-100244,Arre yaar rtansformer udd gaya,Hinglish,Electricity,High,Neutral,Ward_06
GRV-2024-101651,sewage mixed with drinking water outside coaching center,English,Water Supply,High,Panic,Ward_29
GRV-2024-100476,Terrible situation transformer blasted beside apartment tower,English,Electricity,High,Angry,Ward_06
GRV-2024-101178,சிக்னல் வேலை செய்யவில்லை நேற்று மாலை முதல் மருத்துவமனை முன் ????,Tamil,Roads & Traffic,Critical,Pleading,Ward_04
GRV-2024-101195,manhole khula hai,Hinglish,Roads & Traffic,High,Panic,Ward_20
GRV-2024-101285,during festival crowd huge pothole caused accident at colony gate,English,Roads & Traffic,Low,Angry,Ward_23
GRV-2024-101165,urgent waterlogging on street near vegetable market after constructino work ????,English,Roads & Traffic,Critical,Panic,Ward_28
GRV-2024-102252,ஜிம் பொருட்கள் சேதம்!!!,Tamil,Public Parks & Infrastructure,Critical,Panic,Ward_14
GRV-2024-100250,Pls help jaldi transformer blast ho gaya colony gate par ????,Hinglish,Electricity,Critical,Panic,Ward_27
GRV-2024-100413,ट्रांसफार्मर में आग लग गई पब्लिक गार्डन में,Hindi,Electricity,High,Frustrated,Ward_24
GRV-2024-102411,TILES GAYAB HAIN PATH SE SABZI MANDI KE PAAS,Hinglish,Public Parks & Infrastructure,High,Angry,Ward_26
GRV-2024-102080,मरा हुआ जानवर पड़ा है स्थिति बहुत खराब है,Hindi,Sanitation & Waste,High,Panic,Ward_07
GRV-2024-100310,nangi taar latka rahi hai pipeline khudai ke baad,Hinglish,Electricity,Critical,Pleading,Ward_10
GRV-2024-100893,Mnhle pn,English,Roads & Traffic,High,Angry,Ward_13
GRV-2024-102422,जिम का सामान टूट गया है मेट्रो स्टेशन के पास,Hindi,Public Parks & Infrastructure,Critical,Neutral,Ward_22
GRV-2024-100015,KHAMBA GIR GAYA,Hinglish,Electricity,Critical,Panic,Ward_20
GRV-2024-100721,bsid TM rd snkng Cmopltly nccptbl,English,Roads & Traffic,High,Frustrated,Ward_20
GRV-2024-102190,waterlogging ke baad tiles gayab hain path se coaching center ke bahar,Hinglish,Public Parks & Infrastructure,Critical,Neutral,Ward_21
GRV-2024-100981,signal kharab pada hai hospital ke bagal me!!,Hinglish,Roads & Traffic,Critical,Panic,Ward_19
GRV-2024-102104,kchre s dhn  rha pplne khd ke bad makret rd p,Hinglish,Sanitation & Waste,Low,Panic,Ward_24
GRV-2024-101973,गटार तुंबले आहे पेट्रोल पंपाजवळ,Marathi,Sanitation & Waste,Critical,Angry,Ward_02
GRV-2024-100363,Lok t ths shrt circt happnd bsd hsptal,English,Electricity,Critical,Frustrated,Ward_07
GRV-2024-101619,EXTREMELY LOW PRESSURE AT TRAFFIC SQUARE DURING THE STORM,English,Water Supply,Critical,Panic,Ward_13
GRV-2024-100182,KHAMBA GIR GAYA MARKET ROAD PE WAETRLOGGING KE BAAD,Hinglish,Electricity,High,Panic,Ward_21
GRV-2024-100985,hg pthle csed accdent ner ptrl pmp ????,English,Roads & Traffic,Critical,Panic,Ward_02
GRV-2024-101387,No pressure,English,Water Supply,Critical,Angry,Ward_11
GRV-2024-102119,macchar bohot ho gaye hospital ke bagal me aaj achanak,Hinglish,Sanitation & Waste,High,Frustrated,Ward_04
GRV-2024-102075,DEAD DOG!!!,Hindi,Sanitation & Waste,Critical,Panic,Ward_01
GRV-2024-100187,nangi taar latak rahi hai,Hinglish,Electricity,High,Frustrated,Ward_06
GRV-2024-100619,bijli gayi,Hinglish,Electricity,High,Frustrated,Ward_29
GRV-2024-101121,road andar ja raha hai dairy booth ke pass,Hinglish,Roads & Traffic,High,Pleading,Ward_07
GRV-2024-100614,Attention during the storm transformer blasted beside apartment tower,English,Electricity,High,Frustrated,Ward_09
GRV-2024-102195,जिम का सामान टूट गया है रात के समय सरकारी स्कूल के पास,Hindi,Public Parks & Infrastructure,Medium,Frustrated,Ward_10
GRV-2024-100994,रस्त्याचे काम अपूर्ण आहे बस स्टँडजवळ!!!,Marathi,Roads & Traffic,Critical,Angry,Ward_20
GRV-2024-102033,slum area me kachre se dhuaan aa raha,Hinglish,Sanitation & Waste,Low,Pleading,Ward_17
GRV-2024-100371,कोणीही ऐकत नाही मीटर बॉक्सला आग लागली मंडईजवळ,Marathi,Electricity,High,Panic,Ward_27
GRV-2024-101338,Paani nahi aa raha,English,Water Supply,Critical,Panic,Ward_26
GRV-2024-100593,तुरंत ध्यान दें पूरे इलाके में अंधेरा है सरकारी स्कूल के पास भारी बारिश के बाद ????,Hindi,Electricity,Critical,Panic,Ward_10
GRV-2024-100726,AFTER HEAVY RAIN WATERLOGGING ON STRETE NEAR METRO STATION,English,Roads & Traffic,High,Angry,Ward_21
GRV-2024-101842,near govt school sweer line blocked during the storm!!!,English,Sanitation & Waste,Critical,Angry,Ward_19
GRV-2024-100687,short circuit ho gaya atm ke saamne,Hinglish,Electricity,High,Panic,Ward_28
GRV-2024-101660,during festival crowd Attention extremely low pressure beside hospital!!!,English,Water Supply,Critical,Panic,Ward_16
GRV-2024-100136,after pipeline digging heavy spark from transformer,English,Electricity,High,Angry,Ward_19
GRV-2024-100628,மீட்டர் பெட்டியில் தீ காய்கறி சந்தை அருகில்,Tamil,Electricity,Low,Panic,Ward_24
GRV-2024-100334,पूरे इलाके में अंधेरा है कोचिंग सेंटर के बाहर,Hindi,Electricity,Low,Panic,Ward_01
GRV-2024-101480,pipeline burst suddenly Sir pls help beside hospital,English,Water Supply,Critical,Angry,Ward_06
GRV-2024-102236,gym ka saaman toot gaya festival bheed me,Hinglish,Public Parks & Infrastructure,High,Pleading,Ward_11
GRV-2024-101109,KHOD KE CHHOD DIYA SLUM AREA ME,Hinglish,Roads & Traffic,High,Panic,Ward_13
GRV-2024-101360,ஐயா தயவுசெய்து உதவுங்கள் சேற்று நீர் வருகிறது ரயில்வே கிராசிங் அருகில்,Tamil,Water Supply,High,Frustrated,Ward_11
GRV-2024-101786,at traffic square eswer line blocked,English,Sanitation & Waste,High,Panic,Ward_23
GRV-2024-100710,in pblc grdn fter ppeln dggng watrlgging on strt,English,Roads & Traffic,Medium,Angry,Ward_09
GRV-2024-101039,open manhole in public garden,English,Roads & Traffic,Critical,Pleading,Ward_09
GRV-2024-101308,No pressure,Tamil,Water Supply,Low,Panic,Ward_19
GRV-2024-101774,during the storm mosquitoes breeding ni stagnant water beside apartment tower,English,Sanitation & Waste,Low,Neutral,Ward_25
GRV-2024-102298,kids are in danger swings are dangerously broken!!!,English,Public Parks & Infrastructure,Critical,Angry,Ward_11
GRV-2024-101112,Danger hai bhai aaj achanak manhole khula hia,Hinglish,Roads & Traffic,Medium,Panic,Ward_21
GRV-2024-100465,since yesterday evening meter box caught fire near govt school ????,English,Electricity,Critical,Angry,Ward_07
GRV-2024-101359,मदद करें नल सूखे हैं कोचिंग सेंटर के बाहर,Hindi,Water Supply,High,Frustrated,Ward_26
GRV-2024-102471,oepn gym equipment damaged near dairy booth since yesterday evening,English,Public Parks & Infrastructure,Critical,Neutral,Ward_09
GRV-2024-102145,मच्छर बहुत हो गए हैं अस्पताल के सामने,Hindi,Sanitation & Waste,Medium,Panic,Ward_11
GRV-2024-101104,traffic signal is dead after waterlogging beside ATM,English,Roads & Traffic,Critical,Frustrated,Ward_26
GRV-2024-101386,in slmu area foul smelling water during power cut,English,Water Supply,Critical,Panic,Ward_05
GRV-2024-101999,DURING THE STORM SEWER LINE BLOCKED OUTSIDE COACHING ECNTER!!,English,Sanitation & Waste,Critical,Panic,Ward_19
GRV-2024-101451,gutter ka paani mix ho gaya toofan ke time traffic chauraha pe,Hinglish,Water Supply,Medium,Panic,Ward_27
GRV-2024-102091,MACCHAR BOHOT HO GAYE MANDIR KE BAHAR!!!,Hinglish,Sanitation & Waste,Critical,Panic,Ward_24
GRV-2024-101859,सीवर लाइन जाम है रात के समय डेयरी बूथ के पास,Hindi,Sanitation & Waste,Critical,Angry,Ward_10
GRV-2024-101170,FESTIVAL BHEED ME MANHOLE KHULA HAI ATM KE SAAMNE!!!,Hinglish,Roads & Traffic,Critical,Panic,Ward_22
GRV-2024-102098,DURING FESTIVAL CROWD GARBAGE OVERFLOWING ON ROAD IN PUBLIC GARDEN,English,Sanitation & Waste,Low,Panic,Ward_09
GRV-2024-100816,Arre yaar coaching center ke bahar bohot bada gaddha ban gaya,Hinglish,Roads & Traffic,High,Panic,Ward_11
GRV-2024-101067,सड़क पर पानी भरा है पेट्रोल पंप के पास,Hindi,Roads & Traffic,Critical,Frustrated,Ward_04
GRV-2024-100274,crrent sprdng n rd drng the strm nar vgtbl mrkt,English,Electricity,Low,Frustrated,Ward_12
GRV-2024-101701,kichad wala paani aa raha aaj achanak dairy booth ke pass,Hinglish,Water Supply,Medium,Angry,Ward_05
GRV-2024-100865,URGENT TRAFFIC SIGNAL IS DEAD IN SLUM AREA SINCE YESTERDAY EVENING,English,Roads & Traffic,Medium,Panic,Ward_02
GRV-2024-100101,sabz mnd ke ps taar tot ke gr gy,Hinglish,Electricity,Medium,Frustrated,Ward_04
GRV-2024-101613,PLEASE CHECK IMMEDIATELY DURING FESTIVAL CROWD TANKER DID NOT COME AT TRAFFIC SQUARE,English,Water Supply,High,Angry,Ward_26
GRV-2024-100107,high tension line broke near metro station completely uncaceptable,English,Electricity,Low,Frustrated,Ward_06
GRV-2024-102488,jhoole toot gaye hain Jaldi dekho,Hinglish,Public Parks & Infrastructure,Critical,Frustrated,Ward_13
GRV-2024-101483,tankr dd nt com t clny gt,English,Water Supply,Low,Angry,Ward_15
GRV-2024-101361,pipeline khudai ke baad tanker nahi aaya hospital ke bagal me,Hinglish,Water Supply,Critical,Angry,Ward_24
GRV-2024-101222,सरकारी स्कूल के पास बहुत बड़ा गड्ढा हो गया है,Hindi,Roads & Traffic,High,Panic,Ward_07
GRV-2024-101368,पाइपलाइन फट गई निर्माण कार्य के बाद एटीएम के सामने,Hindi,Water Supply,High,Frustrated,Ward_10
GRV-2024-102172,Koi sun lo park ki light kharab hai garden me!!,Hinglish,Public Parks & Infrastructure,Critical,Frustrated,Ward_12
GRV-2024-102372,missing tiles on pathway since yesterday evening outside coaching center,English,Public Parks & Infrastructure,High,Frustrated,Ward_17
GRV-2024-101499,TANKER NAIH AAYA RAAT KE TIME,Hinglish,Water Supply,High,Panic,Ward_09
GRV-2024-100712,रस्त्याचे काम अपूर्ण आहे लवकर बघा,Marathi,Roads & Traffic,Low,Angry,Ward_11
GRV-2024-100072,তার ছিঁড়ে ঝুলছে রেলওয়ে ক্রসিংয়ের কাছে,Bengali,Electricity,High,Frustrated,Ward_25
GRV-2024-101800,ner rlwy crssng gutter ovrflwng nt hss,English,Sanitation & Waste,Critical,Frustrated,Ward_11
GRV-2024-102403,after pplne dggng swings re dngrsly brken,English,Public Parks & Infrastructure,Medium,Angry,Ward_29
GRV-2024-100481,mter m ag lg gy brsh k bad ko cton ky nh le rh,Hinglish,Electricity,Medium,Panic,Ward_21
GRV-2024-101665,pipeline burst suddenly during festival crowd in slum area,English,Water Supply,Low,Panic,Ward_13
GRV-2024-101419,नल सूखे हैं सरकारी स्कूल के पास,Hindi,Water Supply,High,Angry,Ward_08
GRV-2024-101171,RLWY CRSSNG P RR YR BHT BD GADDH BN GY ????,Hinglish,Roads & Traffic,Critical,Panic,Ward_15
GRV-2024-102022,construction ke baad mara janwar pada hai metro station ke psas,Hinglish,Sanitation & Waste,High,Panic,Ward_06
GRV-2024-101441,WATERLOGGING KE BAAD NAL SOOKH GAYE ATM KE SAAMNE,Hinglish,Water Supply,Critical,Angry,Ward_01
GRV-2024-100405,current psreading on road beside hospital!!,English,Electricity,Critical,Frustrated,Ward_17
GRV-2024-100757,digging left unfinished during the storm,English,Roads & Traffic,High,Angry,Ward_22
GRV-2024-101362,no supply at all after pipeline digging Sir pls help,English,Water Supply,Low,Panic,Ward_13
GRV-2024-101620,தண்ணீர் வரவில்லை ரயில்வே கிராசிங் அருகில்,Tamil,Water Supply,High,Angry,Ward_01
GRV-2024-101611,गंदा पानी आ रहा है पेट्रोल पंप के पास,Hindi,Water Supply,Critical,Angry,Ward_04
GRV-2024-102220,cching centr ke bahr wry ktt peche pd rh,Hinglish,Public Parks & Infrastructure,High,Panic,Ward_06
GRV-2024-100743,AFTER HEAVY RAIN MAIN MARKET ROAD COLLAPSED NEAR GOVT SCHOOL,English,Roads & Traffic,High,Angry,Ward_22
GRV-2024-100806,मैनहोल खुला है रात के समय,Hindi,Roads & Traffic,Low,Angry,Ward_13
GRV-2024-102308,park jangal ban gaya hai kal shaam se mandir ke bahar,Hinglish,Public Parks & Infrastructure,High,Frustrated,Ward_19
GRV-2024-101317,Koi sun lo railway crossing pe paani se badboo aa rahi,Hinglish,Water Supply,Low,Neutral,Ward_12
GRV-2024-101896,DD NIML SMELLNG BD,English,Sanitation & Waste,High,Panic,Ward_27
GRV-2024-101506,निर्माण कार्य के बाद मंदिर के बाहर पाइपलाइन फट गई,Hindi,Water Supply,High,Frustrated,Ward_11
GRV-2024-100148,खतरा है कल शाम से खंभा गिर गया ट्रैफिक चौराहे पर ????,Hindi,Electricity,Critical,Panic,Ward_01
GRV-2024-102111,baarish ke baad pls help jaldi safai nahi hui bus stand ke waha,Hinglish,Sanitation & Waste,High,Frustrated,Ward_07
GRV-2024-101436,नल सूखे हैं अस्पताल के सामने ????,Hindi,Water Supply,Critical,Frustrated,Ward_16
GRV-2024-100692,Trrible sttn lv wr hnging utsde cchng cntr ftr hvy rn,English,Electricity,High,Panic,Ward_04
GRV-2024-100818,slum area me construction ke baad khod ke chhod diya jaldi dekho,Hinglish,Roads & Traffic,High,Angry,Ward_11
GRV-2024-101756,swr ln blcked near ptrl pump,English,Sanitation & Waste,High,Pleading,Ward_13
GRV-2024-101653,atm ke saamne tanker nahi aaya toofan ke time,Hinglish,Water Supply,High,Panic,Ward_29
GRV-2024-101714,रात्रीच्या वेळी गटाराचे पाणी मिसळले,Marathi,Water Supply,Critical,Panic,Ward_04
GRV-2024-100701,तूफान के दौरान सड़क पूरी तरह धंस गई है सरकारी स्कूल के पास,Hindi,Roads & Traffic,Critical,Frustrated,Ward_26
GRV-2024-102211,waterlogging ke baad coaching center ke bahar park jangal ban gaya hai!!,Hinglish,Public Parks & Infrastructure,Critical,Frustrated,Ward_28
GRV-2024-100921,open manhole since yesterday evening,English,Roads & Traffic,Critical,Angry,Ward_10
GRV-2024-100905,rd ndr j rha h K sun lo,Hinglish,Roads & Traffic,Critical,Panic,Ward_27
GRV-2024-100454,construction ke baad sabzi mandi ke paas transformer blast ho agya ????,Hinglish,Electricity,Critical,Frustrated,Ward_23
GRV-2024-102393,festvl bhed m tles gyba hn pth s sr pls,Hinglish,Public Parks & Infrastructure,Critical,Panic,Ward_19
GRV-2024-101793,kachr rad par fil rh ptrl pump k pss,Hinglish,Sanitation & Waste,Medium,Frustrated,Ward_20
GRV-2024-101228,IN SLUM AREA TRAFFIC SIGNAL IS DEAD,English,Roads & Traffic,High,Panic,Ward_09
GRV-2024-100167,SHRT CRCUT HO GAY DRY BTH K PASS WTRLGGNG K BAD,Hinglish,Electricity,Medium,Panic,Ward_22
GRV-2024-100730,khod ke chhod dyia railway crossing pe,Hinglish,Roads & Traffic,Low,Frustrated,Ward_28
GRV-2024-101578,apartment ke bagal me paani aa hi nahi raha Koi action kyu nahi le raha!!!,Hinglish,Water Supply,Critical,Frustrated,Ward_22
GRV-2024-100026,TRNSFORMR S CHINGR  RH RAT K TME ????,Hinglish,Electricity,Critical,Panic,Ward_23
GRV-2024-101344,getting muddy water during power cut near railway crsosing,English,Water Supply,High,Panic,Ward_08
GRV-2024-101523,TANKER NEEDED,English,Water Supply,High,Angry,Ward_04
GRV-2024-100997,road andar ja raha hai mandir ke bahar,Hinglish,Roads & Traffic,High,Angry,Ward_10
GRV-2024-101176,DIVIDER COMPLETELY BROKEN AT TRAFFIC SQUARE,English,Roads & Traffic,High,Angry,Ward_03
GRV-2024-101040,slippery mud everywhere near bus stand,English,Roads & Traffic,Critical,Pleading,Ward_18
GRV-2024-101621,xtrmly lw prssr ttntn utsd tmpl,English,Water Supply,High,Panic,Ward_08
GRV-2024-101255,सड़क पूरी तरह धंस गई है बस्ती में,Hindi,Roads & Traffic,Low,Angry,Ward_27
GRV-2024-101887,NEAR METRO STATION GARBAGE OVERFLWOING ON ROAD SUDDENLY TODAY,English,Sanitation & Waste,High,Angry,Ward_07
GRV-2024-100041,hgh tenson ln brk bsd hsptl ????,English,Electricity,Critical,Frustrated,Ward_28
GRV-2024-101244,fter cnstrctin wrk open mnhle at trffc squr ????,English,Roads & Traffic,Critical,Frustrated,Ward_05
GRV-2024-101626,पाणी येत नाहीये मुसळधार पावसानंतर बस स्टँडजवळ,Marathi,Water Supply,High,Pleading,Ward_27
GRV-2024-102194,Tlt drty,Hinglish,Public Parks & Infrastructure,High,Panic,Ward_05
GRV-2024-101375,N SPPLY T LL T NGHT TM BESD HSPTL,English,Water Supply,Critical,Panic,Ward_20
GRV-2024-101922,sewer line blocked near vegetable market,English,Sanitation & Waste,High,Frustrated,Ward_20
GRV-2024-100609,trafifc chrh p trnsfrmr dd gy,Hinglish,Electricity,Low,Pleading,Ward_01
GRV-2024-101132,MANHOLE KHULA HAI PETROL PUMP KE PASS,Hinglish,Roads & Traffic,Critical,Panic,Ward_25
GRV-2024-102002,হাসপাতালের সামনে মশা বাড়ছে তাড়াতাড়ি আসুন ????,Bengali,Sanitation & Waste,Critical,Pleading,Ward_23
GRV-2024-100441,ENTIRE AREA IS DARK NEAR BUS STAND,English,Electricity,High,Angry,Ward_01
GRV-2024-101352,PIPELNIE FATT GAYI SLUM AREA ME ????,Hinglish,Water Supply,Critical,Panic,Ward_18
GRV-2024-101942,sewer line block ho gayi baarish ke baad railway crossing pe ????,Hinglish,Sanitation & Waste,Critical,Angry,Ward_23
GRV-2024-100493,trnsfrmr dad,English,Electricity,High,Angry,Ward_15
GRV-2024-101975,ट्रैफिक चौराहे पर सीवर लाइन जाम है,Hindi,Sanitation & Waste,High,Frustrated,Ward_07
GRV-2024-100236,transformer blast ho gaya apartment ke bagal me,Hinglish,Electricity,High,Panic,Ward_20
GRV-2024-100551,कृपया जल्दी देखें खंभा गिर गया!!,Hindi,Electricity,Critical,Frustrated,Ward_19
GRV-2024-100520,कोई सुन क्यों नहीं रहा बाजार की सड़क पर खंभा गिर गया,Hindi,Electricity,Medium,Frustrated,Ward_05
GRV-2024-102296,dogs in park!!!,English,Public Parks & Infrastructure,Critical,Neutral,Ward_02
GRV-2024-101232,COLONY GATE PAR KOI SUN LO MANHOLE KHULA HAI,Hinglish,Roads & Traffic,Critical,Angry,Ward_21
GRV-2024-101138,BUS STAND KE WAHA BHAI PAANI BHAR GAYA PURA,Hinglish,Roads & Traffic,High,Panic,Ward_14
GRV-2024-100720,सरकारी स्कूल के पास सड़क खोदकर छोड़ दी भारी बारिश के बाद,Hindi,Roads & Traffic,High,Neutral,Ward_24
GRV-2024-101907,dry both k pss kchre s dhuan a rha,Hinglish,Sanitation & Waste,Critical,Pleading,Ward_26
GRV-2024-102208,PARK JANGAL BAN GAYA HAI COLONY GATE PAR,Hinglish,Public Parks & Infrastructure,Medium,Panic,Ward_11
GRV-2024-100058,LIVE WIRE HANGING AFTER HEAVY RAIN IN PUBLIC GARDEN,English,Electricity,High,Panic,Ward_11
GRV-2024-100631,CRRNT SPRDNG N RD DRNG PWER CT KDS RE IN DNGR NAR MTR STTION,English,Electricity,Medium,Panic,Ward_22
GRV-2024-101181,road andar ja raha hai baarish ke baad,Hinglish,Roads & Traffic,Low,Frustrated,Ward_01
GRV-2024-101644,தண்ணீரில் துர்நாற்றம் யாரும் கேட்கவில்லை,Tamil,Water Supply,High,Panic,Ward_02
GRV-2024-100592,रस्त्यावर करंट पसरत आहे मेट्रो स्टेशनजवळ!!,Marathi,Electricity,Critical,Panic,Ward_08
GRV-2024-102176,पार्क की लाइट खराब है पाइपलाइन खुदाई के बाद डेयरी बूथ के पास!!,Hindi,Public Parks & Infrastructure,Critical,Frustrated,Ward_01
GRV-2024-100939,dvidr cmpltly brkn ftr hvy rain nr diry bth,English,Roads & Traffic,Critical,Panic,Ward_02
GRV-2024-102325,pblc tlt hs n wtr nar bs stand,English,Public Parks & Infrastructure,Low,Angry,Ward_27
GRV-2024-101249,bohot bada gaddha ban gaya baarish ke baad,Hinglish,Roads & Traffic,High,Angry,Ward_08
GRV-2024-100904,pn bhr gy pur mtro statn k pss,Hinglish,Roads & Traffic,High,Angry,Ward_19
GRV-2024-101946,metro station ke pass danger hai bhai gutter ka paani ghar me aa raha,Hinglish,Sanitation & Waste,High,Angry,Ward_01
GRV-2024-102398,স্যার একটু দেখুন রাস্তার কুকুর রেলওয়ে ক্রসিংয়ের কাছে ????,Bengali,Public Parks & Infrastructure,Critical,Frustrated,Ward_12
GRV-2024-102013,कृपया जल्दी देखें निर्माण कार्य के बाद कचरे से जहरीला धुआं कॉलोनी गेट पर!!!,Hindi,Sanitation & Waste,Critical,Angry,Ward_18
GRV-2024-101422,kichad wala paani aa raha Emergency hai petrol pump ke pass!!,Hinglish,Water Supply,Critical,Pleading,Ward_01
GRV-2024-101995,सफाई नहीं हुई आज अचानक कोचिंग सेंटर के बाहर,Hindi,Sanitation & Waste,High,Panic,Ward_08
GRV-2024-101911,मच्छर बहुत हो गए हैं बस्ती में,Hindi,Sanitation & Waste,Critical,Angry,Ward_18
GRV-2024-100706,rt k tim kchd hi kichad h mndr k bhr,Hinglish,Roads & Traffic,Medium,Frustrated,Ward_29
GRV-2024-101022,TOOFAN KE TIME ROAD PURA DHANS GAYA,Hinglish,Roads & Traffic,Medium,Panic,Ward_21
GRV-2024-100745,मदद करें रात के समय सड़क खोदकर छोड़ दी ट्रैफिक चौराहे पर,Hindi,Roads & Traffic,Critical,Angry,Ward_25
GRV-2024-101829,TRRBL STTN FTER HVY RAN GRBG VERFLWING N RAD NAR PTRL PMP,English,Sanitation & Waste,High,Panic,Ward_25
GRV-2024-101712,ट्रैफिक चौराहे पर पाइपलाइन फट गई मदद करें!!,Hindi,Water Supply,Critical,Panic,Ward_11
GRV-2024-100513,मीटर बॉक्सला आग लागली शाळेजवळ,Marathi,Electricity,Critical,Panic,Ward_02
GRV-2024-100081,Pls help jaldi power cut ke time meter me aag lag gayi,Hinglish,Electricity,High,Neutral,Ward_29
GRV-2024-102215,JHOOLE TOOT GAYE HAIN KOI SUN LO,Hinglish,Public Parks & Infrastructure,High,Angry,Ward_08
GRV-2024-100914,बहुत बड़ा गड्ढा हो गया है सब्जी मंडी के पास ????,Hindi,Roads & Traffic,Critical,Panic,Ward_12
GRV-2024-102301,gym ka saaman toot gaya traffic cahuraha pe!!!,Hinglish,Public Parks & Infrastructure,Critical,Frustrated,Ward_19
GRV-2024-101817,after construction work mosquitoes breeding in stagnant water near dairy booth,English,Sanitation & Waste,Low,Angry,Ward_23
GRV-2024-100150,নির্মাণ কাজের পর সরকারি স্কুলের কাছে মিটার বক্সে আগুন লেগেছে,Bengali,Electricity,Medium,Panic,Ward_04
GRV-2024-100774,सड़क खोदकर छोड़ दी कोई सुन क्यों नहीं रहा मेट्रो स्टेशन के पास,Hindi,Roads & Traffic,Medium,Frustrated,Ward_08
GRV-2024-100329,ट्रैफिक चौराहे पर मदद करें रात के समय पूरे इलाके में अंधेरा है,Hindi,Electricity,High,Panic,Ward_06
GRV-2024-100006,சீக்கிரம் வாருங்கள் புயலின் போது சாலையில் மின்சாரம் பரவுகிறது பஸ் ஸ்டாண்ட் அருகில்,Tamil,Electricity,Medium,Angry,Ward_26
GRV-2024-100943,road pura dhans gaya Sir pls ATM ke saamne ????,Hinglish,Roads & Traffic,Critical,Frustrated,Ward_23
GRV-2024-101594,kichad wala paani aa raha baarish ke baad govt school ke pass,Hinglish,Water Supply,High,Frustrated,Ward_01
GRV-2024-100734,paan bhr gay pr ptrmnt ke bgl me,Hinglish,Roads & Traffic,High,Frustrated,Ward_07
GRV-2024-100909,rad tot gy,English,Roads & Traffic,High,Neutral,Ward_05
GRV-2024-100468,EMRGNCY H NNG TR LTK RH H SBZ MND K PS WTERLOGGING K BD,Hinglish,Electricity,High,Angry,Ward_27
GRV-2024-100181,raat ke time road pe current aa raha hai,Hinglish,Electricity,Medium,Angry,Ward_09
GRV-2024-100164,bjl gy!!,English,Electricity,Critical,Frustrated,Ward_21
GRV-2024-100451,heavy spark from transformer beside hospital,English,Electricity,Critical,Angry,Ward_04
GRV-2024-100490,ATM जवळ शॉर्ट सर्किट झाले धोका आहे!!!,Marathi,Electricity,Critical,Panic,Ward_24
GRV-2024-101916,no sweeping done near railway crossing Please check immediately,English,Sanitation & Waste,High,Frustrated,Ward_14
GRV-2024-101143,slppry md verywhere t clny gt fter cnstructon wrk,English,Roads & Traffic,Low,Frustrated,Ward_01
GRV-2024-101697,मदद करें पानी बिल्कुल नहीं आ रहा!!,Hindi,Water Supply,Critical,Angry,Ward_22
GRV-2024-101111,RAD TT GY,Hinglish,Roads & Traffic,Critical,Angry,Ward_28
GRV-2024-102380,URGENT SWINGS ARE DANGEROUSLY BROKEN NEAR DAIRY BOOTH AFTER CONSTRUCTION WORK,English,Public Parks & Infrastructure,Medium,Angry,Ward_27
GRV-2024-101475,fstvl bhd m nl skh gay grdn m,Hinglish,Water Supply,High,Angry,Ward_09
GRV-2024-101487,kichd wal pn a rah prtmnt k bgl m,Hinglish,Water Supply,Low,Panic,Ward_09
GRV-2024-101713,ভারী বৃষ্টির পর জলে দুর্গন্ধ সবজি বাজারের কাছে,Bengali,Water Supply,High,Pleading,Ward_16
GRV-2024-101820,safai nahi hiu bus stand ke waha,Hinglish,Sanitation & Waste,Critical,Angry,Ward_22
GRV-2024-102079,गटर का पानी घर में आ रहा है बस स्टैंड के पास,Hindi,Sanitation & Waste,High,Frustrated,Ward_08
GRV-2024-101849,Txc smk,English,Sanitation & Waste,Critical,Panic,Ward_22
GRV-2024-101732,festival bheed me nal sookh gaye,Hinglish,Water Supply,Critical,Angry,Ward_19
GRV-2024-101792,mara janwar pada hai garden me,Hinglish,Sanitation & Waste,High,Frustrated,Ward_13
GRV-2024-100327,nr petrl pmp crrent sprdng n rd,English,Electricity,High,Pleading,Ward_11
GRV-2024-100442,transfrmr s chngr  rahi aj chnak prtmnt ke bgl m,Hinglish,Electricity,High,Panic,Ward_04
GRV-2024-101592,Pipe leak,English,Water Supply,High,Angry,Ward_28
GRV-2024-101381,paani se badboo aa rahi railway crossing pe,Hinglish,Water Supply,Critical,Frustrated,Ward_18
GRV-2024-100832,sgnl khrb pd h clny gt pr,Hinglish,Roads & Traffic,Medium,Frustrated,Ward_13
GRV-2024-102467,gym ka saaman toot gaya waterlogging ke baad railway crossing pe,Hinglish,Public Parks & Infrastructure,High,Frustrated,Ward_22
GRV-2024-101891,MCCHR BHOT H GY RT KE TM HOSPTL K BGAL M,Hinglish,Sanitation & Waste,Critical,Panic,Ward_08
GRV-2024-101310,ppline burst suddnly aftr havy rn nr mrt sttin,English,Water Supply,High,Frustrated,Ward_21
GRV-2024-100086,कोई सुन क्यों नहीं रहा पेट्रोल पंप के पास हाई टेंशन तार टूट गया ????,Hindi,Electricity,Critical,Panic,Ward_25
GRV-2024-102440,tiles gayab hian path se power cut ke time bus stand ke waha,Hinglish,Public Parks & Infrastructure,High,Frustrated,Ward_28
GRV-2024-100777,accident roda,English,Roads & Traffic,Medium,Angry,Ward_02
GRV-2024-102426,JHL BROKN,English,Public Parks & Infrastructure,Low,Angry,Ward_11
GRV-2024-100054,raat ke time slum area me transformer blast ho gaya,Hinglish,Electricity,Low,Frustrated,Ward_20
GRV-2024-101875,तूफान के दौरान मरा हुआ जानवर पड़ा है ट्रैफिक चौराहे पर ????,Hindi,Sanitation & Waste,Critical,Frustrated,Ward_28
GRV-2024-101287,Trffc jm,Hinglish,Roads & Traffic,Critical,Frustrated,Ward_23
GRV-2024-101731,स्थिति बहुत खराब है त्योहार की भीड़ में नल सूखे हैं पब्लिक गार्डन में,Hindi,Water Supply,Critical,Panic,Ward_16
GRV-2024-101801,कॉलोनी गेट पर तुरंत ध्यान दें कचरा सड़क पर फैल रहा है तूफान के दौरान,Hindi,Sanitation & Waste,High,Frustrated,Ward_21
GRV-2024-101245,रस्त्यावर पाणी साचले आहे बस स्टँडजवळ,Marathi,Roads & Traffic,High,Frustrated,Ward_25
GRV-2024-100113,taar toot ke gir gaya metro station ke pass,Hinglish,Electricity,High,Angry,Ward_28
GRV-2024-102341,கழிப்பறையில் தண்ணீர் இல்லை நேற்று மாலை முதல் அரசு பள்ளி அருகில்,Tamil,Public Parks & Infrastructure,High,Neutral,Ward_08
GRV-2024-100987,सड़क खोदकर छोड़ दी अस्पताल के सामने!!!,Hindi,Roads & Traffic,Critical,Panic,Ward_16
GRV-2024-102261,park has become a jungle outsdie temple,English,Public Parks & Infrastructure,High,Panic,Ward_13
GRV-2024-102073,during the storm sewer line blocked outside temple,English,Sanitation & Waste,Critical,Angry,Ward_25
GRV-2024-101009,ner ptrl pmp during pwer ct wtrloggng on strt,English,Roads & Traffic,High,Angry,Ward_27
GRV-2024-101198,beside hospital digging left unfinished ????,English,Roads & Traffic,Critical,Frustrated,Ward_03
GRV-2024-100589,सड़क पर करंट फैल रहा है भारी बारिश के बाद पेट्रोल पंप के पास ????,Hindi,Electricity,Critical,Frustrated,Ward_15
GRV-2024-100768,road pura dhans gaya mandir ke bahar kal shaam se Koi action kyu nahi le raha,Hinglish,Roads & Traffic,High,Pleading,Ward_25
GRV-2024-100017,current spreading on road near metro station,English,Electricity,Critical,Frustrated,Ward_25
GRV-2024-101042,paani bhar gaya pura sabzi mandi ke paas,Hinglish,Roads & Traffic,High,Panic,Ward_02
GRV-2024-102040,please check immediately mosquitoes breeding in stagnant water,English,Sanitation & Waste,High,Panic,Ward_11
GRV-2024-100285,भारी बारिश के बाद सब्जी मंडी के पास शॉर्ट सर्किट हो गया,Hindi,Electricity,High,Frustrated,Ward_14
GRV-2024-100428,ARRE YAAR ROAD PE CURRENT AA RAHA HAI,Hinglish,Electricity,High,Panic,Ward_04
GRV-2024-101921,koi sun lo macchar bohot ho gaye hospital ke bagal me festival bheed me,Hinglish,Sanitation & Waste,High,Angry,Ward_07
GRV-2024-101356,Koi action kyu nahi le raha power cut ke time paani aa hi nahi raha sabzi mandi ke paas,Hinglish,Water Supply,Medium,Panic,Ward_13
GRV-2024-100669,Sir pls khamba gir gaya traffic chauraha pe!!!,Hinglish,Electricity,Critical,Panic,Ward_03
GRV-2024-100031,in public garden Look at this live wire hanging,English,Electricity,High,Panic,Ward_14
GRV-2024-100722,Terrible situation divider completely broken at traffic square at night time!!!,English,Roads & Traffic,Critical,Frustrated,Ward_01
GRV-2024-100951,ROAD SNIKING,English,Roads & Traffic,Low,Angry,Ward_16
GRV-2024-101764,gvt schl k pss kachr rad pr fal rha pplin khda k baad,Hinglish,Sanitation & Waste,Critical,Frustrated,Ward_20
GRV-2024-100214,construction ke baad transformer blast ho gaya hospital ke bagal me,Hinglish,Electricity,Critical,Angry,Ward_25
GRV-2024-101789,NO SWEEPING DONE AT COLONY GATE ????,English,Sanitation & Waste,Critical,Panic,Ward_17
GRV-2024-101164,huge pothole caused accident in public garden,English,Roads & Traffic,High,Frustrated,Ward_14
GRV-2024-100326,heavy sprk from transformr tsd cching cnter sddnly tdy,English,Electricity,Critical,Panic,Ward_19
GRV-2024-100560,pole fell down on market road,English,Electricity,High,Frustrated,Ward_03
GRV-2024-101086,RD ANDAR J RHA H COLNY GT PR,Hinglish,Roads & Traffic,Low,Angry,Ward_11
GRV-2024-101830,pipeline khudai ke baad kachra road par fail raha hospital ke bagal me,Hinglish,Sanitation & Waste,High,Angry,Ward_11
GRV-2024-100341,pole fell down,English,Electricity,High,Pleading,Ward_01
GRV-2024-100147,खतरा है सड़क पर करंट फैल रहा है पब्लिक गार्डन में,Hindi,Electricity,Critical,Frustrated,Ward_20
GRV-2024-101840,कृपया जल्दी देखें सीवर लाइन जाम है कल शाम से,Hindi,Sanitation & Waste,Critical,Angry,Ward_15
GRV-2024-101107,drng th strm bsd hsptl diggng lft unfnshd!!,English,Roads & Traffic,Critical,Frustrated,Ward_23
GRV-2024-100848,khod ke chhod diya aaj achanak market orad pe,Hinglish,Roads & Traffic,Critical,Frustrated,Ward_28
GRV-2024-100966,signal kharab pada hai construction ke baad coaching center ke bahar,Hinglish,Roads & Traffic,High,Panic,Ward_19
GRV-2024-101072,TRAFFIC SIGNAL IS DAED BESIDE APARTMENT TOWER DURING POWER CUT,English,Roads & Traffic,Critical,Angry,Ward_03
GRV-2024-100155,high tension line broke near raliway crossing!!!,English,Electricity,Critical,Angry,Ward_11
GRV-2024-102141,near railway crossing gutter overflowing into houses attention,English,Sanitation & Waste,Critical,Angry,Ward_21
GRV-2024-102110,grbg vrflowing n rd durng power ct t trffc sqr!!,English,Sanitation & Waste,Critical,Panic,Ward_15
GRV-2024-101002,emrgency t nght tm n pblc gardn rod snking,English,Roads & Traffic,Critical,Frustrated,Ward_25
GRV-2024-101844,ptrol pmp k pss fstvl bhed me sewer lne blck h gy,Hinglish,Sanitation & Waste,High,Frustrated,Ward_20
GRV-2024-102092,txc smke frm grbg drng festvl crwd Trrbl sittn ????,English,Sanitation & Waste,Critical,Angry,Ward_18
GRV-2024-101848,TOXIC SMOKE FROM GARBAGE AFTER WATERLOGGING IN SLUM AREA,English,Sanitation & Waste,High,Panic,Ward_11
GRV-2024-102209,PBLC TILT M PANI NH CCHING CNTR K BHAR,Hinglish,Public Parks & Infrastructure,Low,Angry,Ward_27
GRV-2024-102352,open gym equipment damaged since yseterday evening ????,English,Public Parks & Infrastructure,Critical,Neutral,Ward_13
GRV-2024-101203,apartmnet ke bagal me road pura dhans gaya,Hinglish,Roads & Traffic,High,Angry,Ward_12
GRV-2024-101632,Sir pls help after heavy rain tap is dry near petrol pump!!!,English,Water Supply,Critical,Angry,Ward_26
GRV-2024-102345,Tilet drty!!!,English,Public Parks & Infrastructure,Critical,Frustrated,Ward_11
GRV-2024-101393,पाईपलाईन फुटली,Marathi,Water Supply,High,Panic,Ward_20
GRV-2024-102351,PARK LIGHTS ARE COMPLETELY BROKEN BESIDE HOSPITAL,English,Public Parks & Infrastructure,Medium,Angry,Ward_01
GRV-2024-102288,टॉयलेटमध्ये पाणी नाही मुसळधार पावसानंतर शाळेजवळ,Marathi,Public Parks & Infrastructure,Medium,Panic,Ward_24
GRV-2024-101980,ftr waterlggng gttr vrflwing nt hses in slm r,English,Sanitation & Waste,Critical,Frustrated,Ward_19
GRV-2024-102242,pwer ct k tim prk jngl ban gya h petrl pmp k pss ????,Hinglish,Public Parks & Infrastructure,Critical,Frustrated,Ward_05
GRV-2024-100938,SIGNAL DEAD,Hinglish,Roads & Traffic,Critical,Angry,Ward_01
GRV-2024-102244,ভারী বৃষ্টির পর রাস্তার কুকুর সবজি বাজারের কাছে,Bengali,Public Parks & Infrastructure,High,Pleading,Ward_13
GRV-2024-100346,Blst ha,Hinglish,Electricity,Low,Angry,Ward_13
GRV-2024-102084,aaj achanak safai nahi hui,Hinglish,Sanitation & Waste,High,Angry,Ward_09
GRV-2024-102474,K sun l tls gayba hain pth s grdn m,Hinglish,Public Parks & Infrastructure,Critical,Frustrated,Ward_26
GRV-2024-101418,पाईपलाईन फुटली मुख्य चौकात!!!,Marathi,Water Supply,Critical,Panic,Ward_27
GRV-2024-100385,live wire hanging on market road,English,Electricity,High,Frustrated,Ward_08
GRV-2024-101580,குறைந்த அழுத்தம் காய்கறி சந்தை அருகில் நீர் தேங்கிய பின்,Tamil,Water Supply,High,Angry,Ward_25
GRV-2024-102097,coaching center ke bahar Pls help jaldi aaj achanak sewer ilne block ho gayi,Hinglish,Sanitation & Waste,High,Frustrated,Ward_23
GRV-2024-100243,Emergency hai kal shaam se transformer udd gaya,Hinglish,Electricity,High,Panic,Ward_20
GRV-2024-101622,cnstrctin ke bad pn  h nah rah mandr k bhar,Hinglish,Water Supply,High,Angry,Ward_11
GRV-2024-100936,HUGE POTHOLE CAUSED ACCIDENT BESIDE ATM,English,Roads & Traffic,High,Angry,Ward_01
GRV-2024-102221,கனமழைக்கு பின் சீக்கிரம் வாருங்கள் தெரு நாய்கள்!!!,Tamil,Public Parks & Infrastructure,Critical,Frustrated,Ward_05
GRV-2024-100312,transformer exploded during the storm!!!,English,Electricity,Critical,Angry,Ward_11
GRV-2024-102439,स्थिति बहुत खराब है आज अचानक पार्क की लाइट खराब है,Hindi,Public Parks & Infrastructure,High,Frustrated,Ward_04
GRV-2024-101524,Lk t ths aftr hvy rn pipelin brst suddenly nr bs stnd,English,Water Supply,High,Panic,Ward_06
GRV-2024-101332,tanker did not come,English,Water Supply,Critical,Pleading,Ward_18
GRV-2024-100968,nar dry booth ftr pplin diggng rd snkng!!,English,Roads & Traffic,Critical,Frustrated,Ward_25
GRV-2024-100660,short circut ho gaya bs stnd k wh,Hinglish,Electricity,High,Frustrated,Ward_02
GRV-2024-100935,Manhole open,Hinglish,Roads & Traffic,High,Frustrated,Ward_09
GRV-2024-100370,ভারী বৃষ্টির পর তার ছিঁড়ে ঝুলছে মেট্রো স্টেশনের কাছে,Bengali,Electricity,High,Frustrated,Ward_15
GRV-2024-100566,kal shaam se market road pe meter me aag lag gayi,Hinglish,Electricity,Medium,Pleading,Ward_14
GRV-2024-101957,GUTTER KA PAANI GHAR ME AA RAHA POWER CUT KE TIME ARRE YAAR,Hinglish,Sanitation & Waste,High,Panic,Ward_09
GRV-2024-100824,SIGNAL KHARAB PADA HAI BACAHO TOOFAN KE TIME,Hinglish,Roads & Traffic,Critical,Angry,Ward_24
GRV-2024-100982,Ki sn l ppln khd k bd rd ndr j rah h rlwy crossng pe,Hinglish,Roads & Traffic,Critical,Neutral,Ward_13
GRV-2024-101979,gtuter overflow,English,Sanitation & Waste,Low,Pleading,Ward_19
GRV-2024-101477,अपार्टमेंट के पास रात के समय पानी से बदबू आ रही है,Hindi,Water Supply,High,Panic,Ward_09
GRV-2024-102148,safai nahi hui festival bheed me govt school ke pass,Hinglish,Sanitation & Waste,High,Pleading,Ward_04
GRV-2024-100813,huge pothole caused accident after pipeline digging near railway crossing,English,Roads & Traffic,High,Neutral,Ward_29
GRV-2024-100778,WHY S NOBDY LISTENNG FTR WTRLGGING WTRLGGNG N STRT,English,Roads & Traffic,Critical,Angry,Ward_26
GRV-2024-101320,Kids are in danger sewage mixed with drinking water during festival crowd,English,Water Supply,High,Neutral,Ward_06
GRV-2024-101521,পানীয় জলে ড্রেনের জল,Bengali,Water Supply,Low,Panic,Ward_18
GRV-2024-101052,coaching center ke bahar festival bheed me bachao paani bhar gaya pura,Hinglish,Roads & Traffic,Low,Neutral,Ward_19
GRV-2024-101813,রাস্তায় আবর্জনা হাসপাতালের সামনে,Bengali,Sanitation & Waste,High,Angry,Ward_08
GRV-2024-101013,manhole oepn,English,Roads & Traffic,High,Pleading,Ward_18
GRV-2024-101401,गटाराचे पाणी मिसळले वीज कपातीदरम्यान रुग्णालयासमोर,Marathi,Water Supply,Low,Angry,Ward_20
GRV-2024-101709,टैंकर नहीं आया!!,Hindi,Water Supply,Critical,Angry,Ward_05
GRV-2024-102071,கொசுக்கள் அதிகம் பஸ் ஸ்டாண்ட் அருகில்,Tamil,Sanitation & Waste,Medium,Frustrated,Ward_19
GRV-2024-101753,Please check immediately after construction work gutter overflowing into houses,English,Sanitation & Waste,Medium,Panic,Ward_14
GRV-2024-100126,रात के समय मीटर बॉक्स जल गया मंदिर के बाहर,Hindi,Electricity,Critical,Panic,Ward_16
GRV-2024-100887,மேன்ஹோல் திறந்துள்ளது கனமழைக்கு பின்,Tamil,Roads & Traffic,Low,Angry,Ward_26
GRV-2024-102029,Toxic smoke,Marathi,Sanitation & Waste,Critical,Angry,Ward_02
GRV-2024-101347,সরকারি স্কুলের কাছে ভারী বৃষ্টির পর জল একেবারেই আসছে না,Bengali,Water Supply,High,Frustrated,Ward_03
GRV-2024-101007,Emrgency ftr constrctn wrk wtrlggng on strt n pblc grdn,English,Roads & Traffic,Low,Neutral,Ward_20
GRV-2024-100355,ट्रांसफार्मर से स्पार्किंग हो रही है,Hindi,Electricity,Medium,Frustrated,Ward_28
GRV-2024-101003,road sinking at night time on makret road,English,Roads & Traffic,High,Angry,Ward_01
GRV-2024-100682,மின் கம்பம் சாய்ந்தது அரசு பள்ளி அருகில்,Tamil,Electricity,Low,Panic,Ward_24
GRV-2024-100827,road pura dhans gaya festival bheed me market road pe,Hinglish,Roads & Traffic,Low,Frustrated,Ward_22
GRV-2024-101491,TERRIBLE ISTUATION SINCE YESTERDAY EVENING EXTREMELY LOW PRESSURE NEAR RAILWAY CROSSING,English,Water Supply,High,Angry,Ward_28
GRV-2024-100984,signal kharab pada hai baarish ke baad,Hinglish,Roads & Traffic,Medium,Pleading,Ward_28
GRV-2024-101233,digging left unfinished Kids are in danger,English,Roads & Traffic,Critical,Panic,Ward_11
GRV-2024-102121,macchar bohot ho gaye festival bheed me hospital ke bagal me,Hinglish,Sanitation & Waste,Critical,Pleading,Ward_20
GRV-2024-100140,sinc ystrday vnng mtr bx cght fr,English,Electricity,Critical,Frustrated,Ward_04
GRV-2024-100217,NAR VGETBL MRKT HVY SPRK FRM TRNSFRMER T NGHT TM,English,Electricity,High,Panic,Ward_26
GRV-2024-102048,सीवर लाइन जाम है,Hindi,Sanitation & Waste,Low,Frustrated,Ward_19
GRV-2024-101654,during the storm tap is dry near vegetabel market ????,English,Water Supply,Critical,Frustrated,Ward_07
GRV-2024-102218,bus stand ke waha power cut ke time gym ka saaman toot gaya ????,Hinglish,Public Parks & Infrastructure,Critical,Frustrated,Ward_15
GRV-2024-101700,paani se badboo aa rahi festival bheed me,Hinglish,Water Supply,Low,Frustrated,Ward_08
GRV-2024-101453,TANKER NHAI AAYA GARDEN ME,Hinglish,Water Supply,Low,Angry,Ward_16
GRV-2024-100022,शॉर्ट सर्किट झाले ATM जवळ,Marathi,Electricity,Low,Frustrated,Ward_16
GRV-2024-100711,Arre yaar road andar ja raha hai garden me!!,Hinglish,Roads & Traffic,Critical,Frustrated,Ward_12
GRV-2024-101157,Gaddha,Hinglish,Roads & Traffic,Medium,Pleading,Ward_16
GRV-2024-101684,AFTR PPLN DGGNG FOL SMELLNG WTR NER PTROL PMP,English,Water Supply,High,Angry,Ward_05
GRV-2024-100871,mnhle khl h grdn m j chnk!!!,Hinglish,Roads & Traffic,Critical,Angry,Ward_03
GRV-2024-101461,durng fstvl crowd otsid templ pplin brst sddnly!!!,English,Water Supply,Critical,Panic,Ward_18
GRV-2024-100010,Please check immediately during festival crowd transformer blasted beside hospital,English,Electricity,High,Angry,Ward_07
GRV-2024-101740,paani se bdaboo aa rahi,Hinglish,Water Supply,Medium,Neutral,Ward_14
GRV-2024-102356,sr pls rat k tm park jangl bn gya ha mrkt rad p,Hinglish,Public Parks & Infrastructure,High,Angry,Ward_01
GRV-2024-102323,caoching center ke bahar toofan ke time park jangal ban gaya hai!!!,Hinglish,Public Parks & Infrastructure,Critical,Frustrated,Ward_02
GRV-2024-101315,AFTR CNSTRUCTIN WRK XTRMLY LW PRSSR ????,English,Water Supply,Critical,Angry,Ward_14
GRV-2024-100754,DIVDR TOT GY H!!,Hinglish,Roads & Traffic,Critical,Panic,Ward_19
GRV-2024-100626,TRANSFORMER BLAST HO GAYA HOSPITAL KE BAGAL ME,Hinglish,Electricity,Critical,Angry,Ward_23
GRV-2024-101728,TANKR NDD,English,Water Supply,Critical,Panic,Ward_09
GRV-2024-101468,bus stnd k waha pressur bht km h,Hinglish,Water Supply,Critical,Frustrated,Ward_29
GRV-2024-100129,சாலையில் மின்சாரம் பரவுகிறது மருத்துவமனை முன்!!!,Tamil,Electricity,Critical,Panic,Ward_15
GRV-2024-100843,dvdr compltly brkn otsd tmple,English,Roads & Traffic,High,Panic,Ward_26
GRV-2024-100323,taar toot ke gir gaya market road pe,Hinglish,Electricity,High,Frustrated,Ward_24
GRV-2024-102156,Dogs in park,Tamil,Public Parks & Infrastructure,Critical,Angry,Ward_20
GRV-2024-101448,बांधकामानंतर गटाराचे पाणी मिसळले मुख्य चौकात,Marathi,Water Supply,Critical,Angry,Ward_19
GRV-2024-101284,रेलवे क्रॉसिंग के पास ट्रैफिक सिग्नल बंद है,Hindi,Roads & Traffic,High,Panic,Ward_02
GRV-2024-102421,PUBLIC TOILET HAS NO WATER ATTENTION AFTER CONSTRUCTION WORK,English,Public Parks & Infrastructure,High,Panic,Ward_22
GRV-2024-100014,நீர் தேங்கிய பின் மின் கம்பம் சாய்ந்தது அரசு பள்ளி அருகில்,Tamil,Electricity,High,Frustrated,Ward_10
GRV-2024-102046,toxic smoke from garbage afetr waterlogging outside coaching center,English,Sanitation & Waste,High,Angry,Ward_20
GRV-2024-100215,বিপদ নির্মাণ কাজের পর পোল পড়ে গেছে রেলওয়ে ক্রসিংয়ের কাছে,Bengali,Electricity,Medium,Angry,Ward_14
GRV-2024-101624,ভারী বৃষ্টির পর জল একেবারেই আসছে না মন্দিরের বাইরে!!!,Bengali,Water Supply,Critical,Pleading,Ward_20
GRV-2024-101937,kl shm s kachr rd par fl rh slum re m,Hinglish,Sanitation & Waste,High,Panic,Ward_05
GRV-2024-101182,TRAFFIC JAM,Hindi,Roads & Traffic,Critical,Angry,Ward_22
GRV-2024-101650,SNC YSTRDAY VENNG N SPPLY T LL!!!,English,Water Supply,Critical,Panic,Ward_26
GRV-2024-101561,gutter ka paani mix ho gaya Emergency hai,Hinglish,Water Supply,Low,Angry,Ward_28
GRV-2024-100864,kla shaam se kichad hi kichad hai,Hinglish,Roads & Traffic,High,Panic,Ward_14
GRV-2024-100516,Koi sun lo road pe current aa raha hai traffic chauraha pe,Hinglish,Electricity,Critical,Neutral,Ward_12
GRV-2024-100597,KHMB GR GAYA HSPITL KE BGL M,Hinglish,Electricity,High,Angry,Ward_15
GRV-2024-100195,outside temple pole fell down Kids are in danger,English,Electricity,Critical,Frustrated,Ward_25
GRV-2024-101277,रस्ता पूर्णपणे खचला आहे बस स्टँडजवळ,Marathi,Roads & Traffic,Low,Frustrated,Ward_02
GRV-2024-100288,puri colony me andhera hai!!!,Hinglish,Electricity,Critical,Frustrated,Ward_15
GRV-2024-100950,toofan ke time signal kharab pada hai railway crossing pe!!,Hinglish,Roads & Traffic,Critical,Panic,Ward_02
GRV-2024-102350,টয়লেটে জল নেই তাড়াতাড়ি আসুন,Bengali,Public Parks & Infrastructure,Medium,Angry,Ward_07
GRV-2024-101854,guttr vrflwng nt hss nr metr sttn,English,Sanitation & Waste,High,Frustrated,Ward_22
GRV-2024-102381,রেলওয়ে ক্রসিংয়ের কাছে টয়লেটে জল নেই জরুরী,Bengali,Public Parks & Infrastructure,High,Frustrated,Ward_08
GRV-2024-101120,POEN MANHOLE,English,Roads & Traffic,Critical,Panic,Ward_04
GRV-2024-101572,getting muddy water Please check immediately,English,Water Supply,Medium,Panic,Ward_05
GRV-2024-100549,nangi taar latak rahi hai pipeline khudai ke baad traffic chauraha pe,Hinglish,Electricity,High,Pleading,Ward_17
GRV-2024-100156,DURING FESTIVAL CROWD ENTIRE AREA IS DARK NEAR VEGETABLE MARKET,English,Electricity,Critical,Panic,Ward_02
GRV-2024-100419,AAG LAG GYI!!!,English,Electricity,Critical,Angry,Ward_11
GRV-2024-100922,raat ke time slum area me bohot bada gaddha ban gaya!!!,Hinglish,Roads & Traffic,Critical,Pleading,Ward_28
GRV-2024-101641,tanker nahi aaya ATM ke saamne,Hinglish,Water Supply,High,Angry,Ward_14
GRV-2024-100477,PLS HLP JLD MNDR K BHR NNG TR LTAK RH HI,Hinglish,Electricity,Critical,Panic,Ward_26
GRV-2024-101605,outside etmple after heavy rain Emergency sewage mixed with drinking water,English,Water Supply,Critical,Angry,Ward_02
GRV-2024-102269,ON MARKET ROD PRK LGHTS RE CMPLTLY BRKN ????,English,Public Parks & Infrastructure,Critical,Angry,Ward_24
GRV-2024-101471,पाण्याचा दाब कमी आहे शाळेजवळ,Marathi,Water Supply,High,Panic,Ward_22
GRV-2024-100553,dairy booth ke pass transformer blast ho gaya,Hinglish,Electricity,High,Panic,Ward_10
GRV-2024-101202,ম্যানহোল খোলা ভারী বৃষ্টির পর বিপদ!!!,Bengali,Roads & Traffic,Critical,Frustrated,Ward_09
GRV-2024-100390,NEAR RAILWAY RCOSSING EMERGENCY HIGH TENSION LINE BROKE SINCE YESTERDAY EVENING,English,Electricity,High,Angry,Ward_06
GRV-2024-100578,at nght tm entire ar s drk t colny gt,English,Electricity,Low,Angry,Ward_07
GRV-2024-102313,Toilet dirty,Hindi,Public Parks & Infrastructure,High,Neutral,Ward_22
GRV-2024-102367,beside hospital missing tiles on pathway,English,Public Parks & Infrastructure,High,Frustrated,Ward_04
GRV-2024-102266,missing tiles on pathway after pipeline digging,English,Public Parks & Infrastructure,Critical,Frustrated,Ward_21
GRV-2024-100820,पेट्रोल पंप के पास सड़क पर कीचड़ है,Hindi,Roads & Traffic,Medium,Frustrated,Ward_22
GRV-2024-102485,पब्लिक टॉयलेट में पानी नहीं है तूफान के दौरान अस्पताल के सामने,Hindi,Public Parks & Infrastructure,High,Angry,Ward_23
GRV-2024-101006,सड़क पर कीचड़ है पेट्रोल पंप के पास!!!,Hindi,Roads & Traffic,Critical,Frustrated,Ward_20
GRV-2024-101248,huge pothole caused accident ni slum area!!,English,Roads & Traffic,Critical,Frustrated,Ward_09
GRV-2024-102058,OPWER CT KE TM KCHR SE DHAN A RHA,Hinglish,Sanitation & Waste,Medium,Angry,Ward_13
GRV-2024-100664,तार तुटून पडली आहे रेल्वे क्रॉसिंगजवळ,Marathi,Electricity,High,Panic,Ward_03
GRV-2024-102462,Jhoole broken,Marathi,Public Parks & Infrastructure,Critical,Neutral,Ward_27
GRV-2024-100142,nangi taar latak rahi hai,Hinglish,Electricity,High,Pleading,Ward_16
GRV-2024-102174,ner rilwy crssng sr pls help opn gym qpment dmgd!!,English,Public Parks & Infrastructure,Critical,Pleading,Ward_25
GRV-2024-101825,garbage overflwoing on road Sir pls help,English,Sanitation & Waste,High,Panic,Ward_27
GRV-2024-100421,CURRENT SPREADING ON ROAD AFTER HEAVY RAIN OUTSIDE COACHING CENTER,English,Electricity,Critical,Angry,Ward_03
GRV-2024-100799,at traffic square watrelogging on street,English,Roads & Traffic,High,Neutral,Ward_13
GRV-2024-100615,ppln khdi k bd trnsfrmr blast h gay,Hinglish,Electricity,High,Frustrated,Ward_07
GRV-2024-101318,slum area me Pls help jaldi toofan ke time gutter ka paani mix ho gaya,Hinglish,Water Supply,High,Panic,Ward_19
GRV-2024-100295,बस स्टँडजवळ मीटर बॉक्सला आग लागली!!!,Marathi,Electricity,Critical,Frustrated,Ward_25
GRV-2024-100401,construction ke baad transformer udd gaya mandir ke bahar ????,Hinglish,Electricity,Critical,Frustrated,Ward_08
GRV-2024-100088,மின் கம்பி அறுந்து தொங்குகிறது அரசு பள்ளி அருகில் ????,Tamil,Electricity,Critical,Pleading,Ward_25
GRV-2024-102035,DEAD ANIMAL SMELLING BAD BESIDE HOSPITAL SINCE YESTERDAY EVENING,English,Sanitation & Waste,High,Panic,Ward_28
GRV-2024-102459,missing tiles on pathway at traffic square,English,Public Parks & Infrastructure,High,Angry,Ward_18
GRV-2024-100131,entire area is dark why is nobody listening,English,Electricity,High,Pleading,Ward_23
GRV-2024-101573,गटाराचे पाणी मिसळले रेल्वे क्रॉसिंगजवळ रात्रीच्या वेळी,Marathi,Water Supply,Medium,Angry,Ward_21
GRV-2024-101562,Sir pls help getting muddy water near railway crossing during festival crowd!!!,English,Water Supply,Critical,Panic,Ward_05
GRV-2024-101828,no seweping done near bus stand,English,Sanitation & Waste,High,Frustrated,Ward_20
GRV-2024-101402,கனமழைக்கு பின் குடிநீர் குழாய் உடைந்தது ஏடிஎம் அருகில்,Tamil,Water Supply,High,Neutral,Ward_03
GRV-2024-102052,gutter overflowing into houses beside apartment tower,English,Sanitation & Waste,High,Panic,Ward_08
GRV-2024-102167,tiles gayab hain path se coaching center ke bahar,Hinglish,Public Parks & Infrastructure,Low,Frustrated,Ward_15
GRV-2024-102001,GUTTER OVERFLOW,Bengali,Sanitation & Waste,Low,Angry,Ward_29
GRV-2024-100724,WHY S NBDY LSTNNG DVDR CMPLTLY BROKN TSD TMPL!!,English,Roads & Traffic,Critical,Angry,Ward_21
GRV-2024-101314,GUTTER KA PAANI MIX HO GAYA TOOFAN KE TIME TRAFFIC CHAURAHA PE,Hinglish,Water Supply,High,Angry,Ward_15
GRV-2024-101767,kachre se dhauan aa raha!!!,Hinglish,Sanitation & Waste,Critical,Frustrated,Ward_04
GRV-2024-100269,taar toot ke gir gaya colony gate par,Hinglish,Electricity,Low,Frustrated,Ward_01
GRV-2024-101780,Dead dog,Marathi,Sanitation & Waste,Critical,Neutral,Ward_27
GRV-2024-102067,naali block,Hinglish,Sanitation & Waste,Low,Frustrated,Ward_04
GRV-2024-101372,পানীয় জলে ড্রেনের জল জরুরী জল জমার পর,Bengali,Water Supply,High,Frustrated,Ward_29
GRV-2024-100917,रात के समय डिवाइडर टूट गया है,Hindi,Roads & Traffic,Critical,Frustrated,Ward_23
GRV-2024-101610,रात के समय पीने के पानी में सीवर का पानी सब्जी मंडी के पास,Hindi,Water Supply,Medium,Neutral,Ward_26
GRV-2024-101319,TNKR NAHI AY KI SN L TM KE SMNE,Hinglish,Water Supply,High,Angry,Ward_19
GRV-2024-102138,colony gate par Danger hai bhai power cut ke time kachra road par fail raha,Hinglish,Sanitation & Waste,Critical,Frustrated,Ward_20
GRV-2024-102021,hsptl k bagal me saf nhi hu,Hinglish,Sanitation & Waste,High,Frustrated,Ward_04
GRV-2024-101593,sewage mixed with drinking water at night time Emergency,English,Water Supply,High,Panic,Ward_13
GRV-2024-102490,Park dark,English,Public Parks & Infrastructure,High,Frustrated,Ward_01
GRV-2024-100375,live wire hanging after heavy rain near railway crossing,English,Electricity,High,Frustrated,Ward_24
GRV-2024-100333,OUTSIDE COACHING CENTER LIVE WIRE HANGING,English,Electricity,Medium,Panic,Ward_02
GRV-2024-101791,யாரும் கேட்கவில்லை கட்டுமான பணிக்கு பின் சாக்கடை அடைப்பு மெட்ரோ நிலையம் அருகில்,Tamil,Sanitation & Waste,High,Panic,Ward_08
GRV-2024-102348,public toilet has no water after construction work in slum area,English,Public Parks & Infrastructure,Low,Angry,Ward_12
GRV-2024-101118,DIVDIER COMPLETELY BROKEN,English,Roads & Traffic,Low,Angry,Ward_12
GRV-2024-101442,tap is dry beside apartment tower,English,Water Supply,High,Angry,Ward_27
GRV-2024-100910,waterlogging on tsreet beside hospital,English,Roads & Traffic,Critical,Frustrated,Ward_22
GRV-2024-100776,signal kharab pada hai metro station ke pass power cut ke time,Hinglish,Roads & Traffic,Medium,Angry,Ward_22
GRV-2024-101743,fstvl bhd m tnkr nh ay tm ke samn!!!,Hinglish,Water Supply,Critical,Angry,Ward_29
GRV-2024-100328,कोई सुन क्यों नहीं रहा पाइपलाइन खुदाई के बाद खंभा गिर गया डेयरी बूथ के पास,Hindi,Electricity,High,Panic,Ward_10
GRV-2024-101342,PLS HELP JALDI TANKER NAHI AAYA POWER CUT KE TIME TRAFFIC CHAURAHA PE,Hinglish,Water Supply,Medium,Angry,Ward_21
GRV-2024-100320,काल संध्याकाळपासून मीटर बॉक्सला आग लागली रुग्णालयासमोर,Marathi,Electricity,High,Angry,Ward_12
GRV-2024-102010,mcachar bohot ho gaye construction ke baad,Hinglish,Sanitation & Waste,Low,Neutral,Ward_04
GRV-2024-100012,FESTIVAL BHEED ME TRANSFORMER BLAST HO GAYA,Hinglish,Electricity,High,Panic,Ward_15
GRV-2024-100897,DVDR CMPLTLY BROKN FTER PPLIN DGGNG NR DRY BOTH ????,English,Roads & Traffic,Critical,Angry,Ward_04
GRV-2024-100171,शॉर्ट सर्किट झाले मुख्य चौकात,Marathi,Electricity,Critical,Panic,Ward_14
GRV-2024-100260,சாலையில் மின்சாரம் பரவுகிறது பஸ் ஸ்டாண்ட் அருகில்,Tamil,Electricity,High,Frustrated,Ward_14
GRV-2024-102402,Ki ctin ky nh l rh park jngl bn gay h sbz mnd k pas,Hinglish,Public Parks & Infrastructure,Low,Frustrated,Ward_23
GRV-2024-100689,colny gte pr K sn l rd pe crrnt  rh h,Hinglish,Electricity,High,Panic,Ward_20
GRV-2024-100901,Emergency hai road andar ja raha hai sabzi mandi ke paas baarish ke baad!!!,Hinglish,Roads & Traffic,Critical,Pleading,Ward_05
GRV-2024-100258,Balst hua,Hinglish,Electricity,High,Neutral,Ward_08
GRV-2024-100844,ptrl pmp k pss paan bhr gy pra,Hinglish,Roads & Traffic,Medium,Panic,Ward_14
GRV-2024-102302,t nght tm prk hs bcom  jngl bsid ATM,English,Public Parks & Infrastructure,High,Neutral,Ward_29
GRV-2024-100138,transformer blast ho gaya govt school ke pass,Hinglish,Electricity,High,Frustrated,Ward_08
GRV-2024-100319,तुरंत ध्यान दें आज अचानक ट्रांसफार्मर फट गया डेयरी बूथ के पास ????,Hindi,Electricity,Critical,Angry,Ward_04
GRV-2024-100653,rat k tim gardn me khmb gr gy,Hinglish,Electricity,High,Panic,Ward_19
GRV-2024-102202,tls gyb hn path s ????,Hinglish,Public Parks & Infrastructure,Critical,Frustrated,Ward_08
GRV-2024-101814,Dead dog,Hinglish,Sanitation & Waste,High,Neutral,Ward_16
GRV-2024-100558,पूरे इलाके में अंधेरा है तूफान के दौरान,Hindi,Electricity,High,Neutral,Ward_18
GRV-2024-100139,PETROL PUMP KE PASS TRANSFORMER SE CHINGARI AA RAHI,Hinglish,Electricity,Medium,Panic,Ward_25
GRV-2024-100112,சாலையில் மின்சாரம் பரவுகிறது இரவு நேரத்தில்,Tamil,Electricity,High,Angry,Ward_14
GRV-2024-100531,रात के समय मीटर बॉक्स जल गया पब्लिक गार्डन में,Hindi,Electricity,Low,Panic,Ward_20
GRV-2024-100224,nangi taar latak rahi hai baarish ke baad hospital ke bagal me,Hinglish,Electricity,Low,Frustrated,Ward_05
GRV-2024-100723,pen mnhol utsd tmpl,English,Roads & Traffic,High,Panic,Ward_09
GRV-2024-102319,open gym equipment damagde during power cut near railway crossing,English,Public Parks & Infrastructure,High,Panic,Ward_12
GRV-2024-102136,কেউ শুনছে না সবজি বাজারের কাছে ড্রেন ব্লক,Bengali,Sanitation & Waste,Critical,Panic,Ward_10
GRV-2024-101433,Danger hai bhai kichad wala paani aa raha festival bheed me ????,Hinglish,Water Supply,Critical,Pleading,Ward_14
GRV-2024-100325,nitr rea is drk ftr wtrlggng in public gardn,English,Electricity,Low,Angry,Ward_27
GRV-2024-101323,tap is dry Completely unacceptable beside apartment tower suddenly today,English,Water Supply,High,Pleading,Ward_11
GRV-2024-101939,mosquitoes breeding in stagnant water beside apartment tower Attention,English,Sanitation & Waste,Critical,Panic,Ward_03
GRV-2024-101458,EMRGNCY EXTRMLY LOW PRESSR OUTSD TMPLE!!!,English,Water Supply,Critical,Panic,Ward_26
GRV-2024-101927,सफाई नहीं हुई,Hindi,Sanitation & Waste,Low,Panic,Ward_20
GRV-2024-102248,ttntion park hs bcme  jngl ner govt cshl,English,Public Parks & Infrastructure,High,Frustrated,Ward_29
GRV-2024-100714,rad pur dhns gay pipelne khdi k bd jld dkho hsptl k bgl me,Hinglish,Roads & Traffic,High,Angry,Ward_21
GRV-2024-100846,கோவில் வெளியே பெரிய பள்ளம் கனமழைக்கு பின்,Tamil,Roads & Traffic,Critical,Angry,Ward_21
GRV-2024-100193,after heavy rain transformer exploded beside ATM ????,English,Electricity,Critical,Pleading,Ward_27
GRV-2024-101925,குப்பை எரியும் புகை,Tamil,Sanitation & Waste,High,Frustrated,Ward_16
GRV-2024-100573,ftr hevy rn nr vgetble amrkt crrnt sprdng n rd,English,Electricity,Low,Angry,Ward_07
GRV-2024-100946,Danger hai bhai kal shaam se khod ke chhod diya bus stand ke waha!!!,Hinglish,Roads & Traffic,Critical,Panic,Ward_27
GRV-2024-100503,SPARKING!!,Hindi,Electricity,Critical,Angry,Ward_07
GRV-2024-101807,mara janwar pada hai metro station ke pass,Hinglish,Sanitation & Waste,Medium,Neutral,Ward_06
GRV-2024-102407,पब्लिक टॉयलेट में पानी नहीं है पाइपलाइन खुदाई के बाद,Hindi,Public Parks & Infrastructure,Medium,Angry,Ward_09
GRV-2024-100645,Transformer dead,Hindi,Electricity,High,Pleading,Ward_04
GRV-2024-100003,पूरे इलाके में अंधेरा है बस्ती में,Hindi,Electricity,High,Pleading,Ward_04
GRV-2024-101777,NLI BLOCK,English,Sanitation & Waste,High,Panic,Ward_10
GRV-2024-100467,near bus stand short circuit happened,English,Electricity,High,Panic,Ward_05
GRV-2024-101345,paani se badboo aa rahi Koi sun lo dairy booth ke pass,Hinglish,Water Supply,Medium,Frustrated,Ward_20
GRV-2024-100005,TRANSFRMR BLST H GY LSM R ME,Hinglish,Electricity,Critical,Angry,Ward_04
GRV-2024-102031,सीवर लाइन जाम है मदद करें कल शाम से!!!,Hindi,Sanitation & Waste,Critical,Neutral,Ward_03
GRV-2024-100919,Jaldi dekho divider toot gaya hai coaching center ke bahar power cut ke time,Hinglish,Roads & Traffic,Critical,Pleading,Ward_06
GRV-2024-100547,உதவி மின் கம்பி அறுந்து தொங்குகிறது ஏடிஎம் அருகில் புயலின் போது,Tamil,Electricity,High,Frustrated,Ward_10
GRV-2024-100228,constrctin k bd rad pe crrnt a rh h TM k samn,Hinglish,Electricity,High,Panic,Ward_29
GRV-2024-101063,ATM KE SAAMNE SIGNAL KHARAB PADA HAI PIPELINE KHUDAI KE BAAD!!!,Hinglish,Roads & Traffic,Critical,Angry,Ward_08
GRV-2024-100542,trnsfrmer dd!!,Hinglish,Electricity,Critical,Angry,Ward_22
GRV-2024-100242,EMERGENCY DURING POWER CUT POLE FELL DOWN,English,Electricity,High,Panic,Ward_21
GRV-2024-100898,rod pr dhns gya gvt schl ke pss,Hinglish,Roads & Traffic,High,Frustrated,Ward_10
GRV-2024-101754,sewer line block ho gayi kal shaam se,Hinglish,Sanitation & Waste,High,Frustrated,Ward_20
GRV-2024-101160,कॉलोनी गेट पर स्थिति बहुत खराब है सड़क पर कीचड़ है,Hindi,Roads & Traffic,High,Frustrated,Ward_11
GRV-2024-101832,गटर का पानी घर में आ रहा है,Hindi,Sanitation & Waste,Critical,Neutral,Ward_06
GRV-2024-101688,पाण्याला दुर्गंधी धोका आहे,Marathi,Water Supply,High,Panic,Ward_04
GRV-2024-101809,K action ky nh l rh brsh k bd sf nh h bs stnd k wh,Hinglish,Sanitation & Waste,High,Neutral,Ward_21
GRV-2024-100842,डिवाइडर टूट गया है एटीएम के सामने,Hindi,Roads & Traffic,High,Panic,Ward_29
GRV-2024-101373,prssr boht km h pwr ct k tm sbz mndi k ps!!,Hinglish,Water Supply,Critical,Frustrated,Ward_21
GRV-2024-102107,Gutter overflow,Tamil,Sanitation & Waste,High,Angry,Ward_28
GRV-2024-102112,GUTTER OEVRFLOW!!,English,Sanitation & Waste,Critical,Angry,Ward_27
GRV-2024-101526,पानी बिल्कुल नहीं आ रहा ट्रैफिक चौराहे पर!!,Hindi,Water Supply,Critical,Frustrated,Ward_20
GRV-2024-100276,ट्रांसफार्मर से स्पार्किंग हो रही है रात के समय रेलवे क्रॉसिंग के पास,Hindi,Electricity,Critical,Pleading,Ward_09
GRV-2024-100661,live wire hanging near railway crossing,English,Electricity,High,Angry,Ward_27
GRV-2024-101826,Emergency hai raat ke time mara janwar pada hai!!,Hinglish,Sanitation & Waste,Critical,Angry,Ward_20
GRV-2024-102116,no sweeping done after waterlogging near petrol pump ????,English,Sanitation & Waste,Critical,Panic,Ward_17
GRV-2024-102357,जिम का सामान टूट गया है जलभराव के बाद डेयरी बूथ के पास,Hindi,Public Parks & Infrastructure,High,Panic,Ward_29
GRV-2024-101858,mara janwar pada hai railway crossing pe,Hinglish,Sanitation & Waste,Low,Pleading,Ward_08
GRV-2024-100314,transformer blasted during the storm ????,English,Electricity,Critical,Angry,Ward_07
GRV-2024-101466,पाण्याला दुर्गंधी वादळादरम्यान मुख्य चौकात,Marathi,Water Supply,High,Pleading,Ward_07
GRV-2024-101343,पानी से बदबू आ रही है ट्रैफिक चौराहे पर,Hindi,Water Supply,Medium,Frustrated,Ward_26
GRV-2024-101845,Terrible situation suddenly today dead animal smelling bad!!!,English,Sanitation & Waste,Critical,Angry,Ward_12
GRV-2024-100691,short circuit ho gaya bus stand ke waha,Hinglish,Electricity,Low,Angry,Ward_24
GRV-2024-101541,BAARISH KE BAAD PAANI AA HI NAHI RAHA SABZI MANDI KE PAAS,Hinglish,Water Supply,High,Angry,Ward_21
GRV-2024-100612,near petrol pump heavy spark from transformer,English,Electricity,High,Pleading,Ward_13
GRV-2024-100424,Completely unacceptable during festival crowd heavy spark from transofrmer near dairy booth ????,English,Electricity,Critical,Frustrated,Ward_23
GRV-2024-101577,xtrmely lw prssure t clony gt,English,Water Supply,High,Frustrated,Ward_26
GRV-2024-100594,SIR PLS HLP SDDNLY TDY METR BOX CGHT FR,English,Electricity,Medium,Angry,Ward_02
GRV-2024-102475,PBLC TOLT M PN NAH CNSTRCTN K BAD CLONY GT PR,Hinglish,Public Parks & Infrastructure,Critical,Panic,Ward_19
GRV-2024-101950,kachra road par fail raha colony gate par,Hinglish,Sanitation & Waste,Critical,Panic,Ward_19
GRV-2024-100622,மின்மாற்றி வெடித்தது இரவு நேரத்தில்,Tamil,Electricity,High,Angry,Ward_29
GRV-2024-101805,dead animal smelling bad since yesterday evening at colony gate Sir pls help,English,Sanitation & Waste,High,Panic,Ward_24
GRV-2024-101493,गंदा पानी आ रहा है अस्पताल के सामने!!!,Hindi,Water Supply,Critical,Angry,Ward_01
GRV-2024-102238,PUBLIC TOILET HAS NO WATER NEAR BUS STAND!!,English,Public Parks & Infrastructure,Critical,Angry,Ward_09
GRV-2024-100227,Sparking!!,English,Electricity,Low,Frustrated,Ward_14
GRV-2024-102322,पार्क की लाइट खराब है बिजली कटौती के दौरान!!,Hindi,Public Parks & Infrastructure,Critical,Angry,Ward_18
GRV-2024-101169,construction ke baad paani bhar gaya pura garden me,Hinglish,Roads & Traffic,Medium,Frustrated,Ward_05
GRV-2024-102037,deda animal smelling bad near govt school ????,English,Sanitation & Waste,Critical,Frustrated,Ward_10
GRV-2024-101702,জল একেবারেই আসছে না সরকারি স্কুলের কাছে,Bengali,Water Supply,Critical,Angry,Ward_20
GRV-2024-100066,high tnsn lin broke t trffc squr,English,Electricity,High,Frustrated,Ward_09
GRV-2024-101417,slum area me paani se badboo aa rahi construction ke baad,Hinglish,Water Supply,Critical,Pleading,Ward_05
GRV-2024-102254,j chnk prk ki lght khrb ha mtr sttin k pss,Hinglish,Public Parks & Infrastructure,Medium,Neutral,Ward_08
GRV-2024-100024,market road pe puri colony me andhera hai,Hinglish,Electricity,High,Panic,Ward_19
GRV-2024-101235,traffic jam,English,Roads & Traffic,High,Frustrated,Ward_01
GRV-2024-102463,AWARIYA KUTTE PEECHE PAD RAHE CONSTRUCTION KE BAAD!!!,Hinglish,Public Parks & Infrastructure,Critical,Angry,Ward_29
GRV-2024-100144,heavy spark from transformer beside apartment tower,English,Electricity,High,Panic,Ward_08
GRV-2024-100536,suddenly today short circuit happened beside hospital,English,Electricity,Low,Panic,Ward_29
GRV-2024-100811,त्योहार की भीड़ में सड़क पर कीचड़ है सब्जी मंडी के पास,Hindi,Roads & Traffic,High,Angry,Ward_23
GRV-2024-101735,குறைந்த அழுத்தம் புயலின் போது,Tamil,Water Supply,Medium,Angry,Ward_12
GRV-2024-101497,Tankr nded,English,Water Supply,Low,Panic,Ward_19
GRV-2024-100085,short circit hppnd n pblc grdn,English,Electricity,Critical,Panic,Ward_19
GRV-2024-101254,பெரிய பள்ளம் காய்கறி சந்தை அருகில்,Tamil,Roads & Traffic,Critical,Angry,Ward_09
GRV-2024-102207,gym ka saaman toot gaya atm ke saamne toofan ke time,Hinglish,Public Parks & Infrastructure,Medium,Panic,Ward_14
GRV-2024-102361,सर मदद करें बस स्टैंड के पास रास्ते की टाइलें गायब हैं,Hindi,Public Parks & Infrastructure,Low,Panic,Ward_23
GRV-2024-102066,kids are in danger mosquitoes breeding in stagnant water near dairy booth after pipeline digging,English,Sanitation & Waste,High,Angry,Ward_07
GRV-2024-101669,extremely low pressure in public garedn,English,Water Supply,Critical,Neutral,Ward_19
GRV-2024-100484,Terrible situation entire area is dark outside temple!!!,English,Electricity,Critical,Angry,Ward_28
GRV-2024-102226,Bachao kal shaam se jhoole toot gaye hain!!!,Hinglish,Public Parks & Infrastructure,Critical,Frustrated,Ward_05
GRV-2024-102386,public toilet has no water after heavy rain,English,Public Parks & Infrastructure,Medium,Frustrated,Ward_07
GRV-2024-100738,huge pothole caused accident at colony gate,English,Roads & Traffic,High,Panic,Ward_27
GRV-2024-101770,SEWER LINE BLOCKED NEAR VEGETABLE MARKET!!!,English,Sanitation & Waste,Critical,Panic,Ward_11
GRV-2024-102188,stray dogs chasing kids after pipeline digging near dairy booth Completely unacceptable,English,Public Parks & Infrastructure,Critical,Panic,Ward_23
GRV-2024-102461,पेट्रोल पंप के पास त्योहार की भीड़ में पार्क जंगल बन गया है,Hindi,Public Parks & Infrastructure,High,Pleading,Ward_18
GRV-2024-101742,ATTENTION AFTER HEAVY RAIN SEWAGE MIXED WITH DRINKING WATER BESIDE HOSPITAL!!!,English,Water Supply,Critical,Panic,Ward_05
GRV-2024-100362,Taar gir gaya,Hindi,Electricity,Critical,Pleading,Ward_21
GRV-2024-100749,Kids are in danger road sinking enar railway crossing during festival crowd!!,English,Roads & Traffic,Critical,Angry,Ward_08
GRV-2024-102105,Arre yaar kchre s dhn a rha gvt schl k pass!!,Hinglish,Sanitation & Waste,Critical,Frustrated,Ward_12
GRV-2024-101646,NEAR BUS STAND TANKER DID NOT COME PLEASE CHECK IMMEDIATELY,English,Water Supply,High,Panic,Ward_10
GRV-2024-101026,रस्त्यावर पाणी साचले आहे मंडईजवळ धोका आहे,Marathi,Roads & Traffic,Low,Angry,Ward_11
GRV-2024-101030,divider completely broken after waterlogging near metro station,English,Roads & Traffic,High,Panic,Ward_07
GRV-2024-101868,Toxic smoke!!!,Hinglish,Sanitation & Waste,Critical,Panic,Ward_26
GRV-2024-101335,n spply t ll ner rlwy crssng,English,Water Supply,Critical,Frustrated,Ward_28
GRV-2024-102059,naali block,Hinglish,Sanitation & Waste,High,Frustrated,Ward_25
GRV-2024-101894,கொசுக்கள் அதிகம் மெட்ரோ நிலையம் அருகில் மின்வெட்டின் போது,Tamil,Sanitation & Waste,High,Angry,Ward_21
GRV-2024-100665,मीटर बॉक्स जल गया निर्माण कार्य के बाद कॉलोनी गेट पर,Hindi,Electricity,Critical,Neutral,Ward_11
GRV-2024-100364,सब्जी मंडी के पास निर्माण कार्य के बाद खतरा है ट्रांसफार्मर फट गया,Hindi,Electricity,High,Frustrated,Ward_25
GRV-2024-102292,SNCE YSTRDY VENING MISSNG TLS N PTHWAY BSD ATM,English,Public Parks & Infrastructure,High,Angry,Ward_20
GRV-2024-101239,TRFFC CHARAH P SGNAL KHRB PD H,Hinglish,Roads & Traffic,High,Angry,Ward_17
GRV-2024-100077,ट्रांसफार्मर से स्पार्किंग हो रही है एटीएम के सामने,Hindi,Electricity,High,Angry,Ward_20
GRV-2024-100027,மின் கம்பி அறுந்து தொங்குகிறது மின்வெட்டின் போது கோவில் வெளியே,Tamil,Electricity,Medium,Angry,Ward_10
GRV-2024-100473,road pe current aa raha hai hopsital ke bagal me ????,Hinglish,Electricity,Critical,Frustrated,Ward_16
GRV-2024-100525,heavy spark from transfomrer near vegetable market,English,Electricity,High,Pleading,Ward_15
GRV-2024-100725,ROAD PURA DHANS GAYA,Hinglish,Roads & Traffic,Low,Panic,Ward_18
GRV-2024-100055,Sparking!!,Tamil,Electricity,Medium,Frustrated,Ward_11
GRV-2024-100638,जीवित तार लटक रहा है बस स्टैंड के पास ????,Hindi,Electricity,Critical,Angry,Ward_25
GRV-2024-100302,SHORT CIRCUIT HO GAYA COLONY GATE PAR!!,Hinglish,Electricity,Critical,Angry,Ward_07
GRV-2024-100718,डिवाइडर टूट गया है मेट्रो स्टेशन के पास,Hindi,Roads & Traffic,High,Neutral,Ward_15
GRV-2024-101871,mosquitoes breeding in stagnant water!!!,English,Sanitation & Waste,Critical,Neutral,Ward_09
GRV-2024-100624,SINCE YESTERDAY EVENING ENTIRE AREA IS DARK,English,Electricity,Critical,Angry,Ward_28
GRV-2024-100007,মিটার বক্সে আগুন লেগেছে সবজি বাজারের কাছে তাড়াতাড়ি আসুন,Bengali,Electricity,Critical,Panic,Ward_17
GRV-2024-101280,BAARISH KE BAAD DIVIDER TOOT GAYA HAI APARTMENT KE BAGAL ME,Hinglish,Roads & Traffic,Critical,Angry,Ward_12
GRV-2024-100803,मॅनहोल उघडे आहे मंडईजवळ!!,Marathi,Roads & Traffic,Critical,Angry,Ward_12
GRV-2024-101049,रात के समय सड़क पर कीचड़ है कॉलोनी गेट पर,Hindi,Roads & Traffic,High,Angry,Ward_20
GRV-2024-100336,पाइपलाइन खुदाई के बाद खंभा गिर गया सरकारी स्कूल के पास,Hindi,Electricity,High,Angry,Ward_27
GRV-2024-101596,বিপদ রাতের বেলায় জলের প্রেসার কম!!,Bengali,Water Supply,Critical,Panic,Ward_27
GRV-2024-100047,transformer dead,English,Electricity,Critical,Neutral,Ward_23
GRV-2024-102152,பூங்கா விளக்குகள் எரியவில்லை இரவு நேரத்தில் கோவில் வெளியே,Tamil,Public Parks & Infrastructure,High,Panic,Ward_11
GRV-2024-100106,lv wre hangng near mtro stton ftr piplne dggng,English,Electricity,High,Frustrated,Ward_23
GRV-2024-100349,ट्रान्सफॉर्मरचा स्फोट झाला काल संध्याकाळपासून मेट्रो स्टेशनजवळ,Marathi,Electricity,High,Frustrated,Ward_02
GRV-2024-101079,DGGING LEFT NFNSHD BSID PRTMNT TWR,English,Roads & Traffic,High,Angry,Ward_06
GRV-2024-100238,कॉलोनी गेट पर ट्रांसफार्मर फट गया,Hindi,Electricity,Critical,Frustrated,Ward_16
GRV-2024-100213,ROAD PE CURRENT AA RAHA HAI MARKET ROAD PE BACHAO,Hinglish,Electricity,High,Angry,Ward_21
GRV-2024-101144,paani bhar gaya pura festival bheed me,Hinglish,Roads & Traffic,Critical,Panic,Ward_21
GRV-2024-102379,swings are dangerously broken in slum area,English,Public Parks & Infrastructure,Low,Frustrated,Ward_22
GRV-2024-101761,रात के समय सफाई नहीं हुई,Hindi,Sanitation & Waste,High,Panic,Ward_14
GRV-2024-100793,road andar ja raha hai raat ke time,Hinglish,Roads & Traffic,Low,Panic,Ward_29
GRV-2024-101096,manhole khula hai bus stand ke waha,Hinglish,Roads & Traffic,Critical,Pleading,Ward_18
GRV-2024-102206,waterlogging ke baad colony gate par awariya kutte peeche pad rahe,Hinglish,Public Parks & Infrastructure,Critical,Frustrated,Ward_05
GRV-2024-101739,Koi action kyu nahi le raha paani se badboo aa rahi mandir ke bahar,Hinglish,Water Supply,High,Angry,Ward_21
GRV-2024-102222,at nght tm mssng tls on pthway,English,Public Parks & Infrastructure,High,Frustrated,Ward_19
GRV-2024-100345,kal shaam se taar toot ke gir gaya market road pe,Hinglish,Electricity,Medium,Frustrated,Ward_22
GRV-2024-100523,कल शाम से कोचिंग सेंटर के बाहर खंभा गिर गया,Hindi,Electricity,Critical,Frustrated,Ward_01
GRV-2024-100232,bus stand ke waha short cicruit ho gaya,Hinglish,Electricity,High,Pleading,Ward_12
GRV-2024-100644,जीवित तार लटक रहा है डेयरी बूथ के पास,Hindi,Electricity,Critical,Angry,Ward_08
GRV-2024-101917,macchr bht h gay,Hinglish,Sanitation & Waste,High,Pleading,Ward_14
GRV-2024-102170,stray dogs chasing kids suddenly today URGENT,English,Public Parks & Infrastructure,Critical,Panic,Ward_15
GRV-2024-101428,आपातकाल त्योहार की भीड़ में टैंकर नहीं आया,Hindi,Water Supply,Medium,Panic,Ward_13
GRV-2024-100533,puri colony me andhera hai waterlogging ke baad,Hinglish,Electricity,Critical,Angry,Ward_15
GRV-2024-102171,मदद करें रात के समय पार्क की लाइट खराब है एटीएम के सामने,Hindi,Public Parks & Infrastructure,High,Neutral,Ward_18
GRV-2024-100603,TRNSFRMR SE CHINGAR A RAHI BH RT K TIM,Hinglish,Electricity,Critical,Panic,Ward_19
GRV-2024-101489,Paani nahi aa raha,Tamil,Water Supply,High,Frustrated,Ward_03
GRV-2024-101857,GVT SCHL KE PASS MR JNWR PADA H WTRLGGNG K BD,Hinglish,Sanitation & Waste,Medium,Angry,Ward_14
GRV-2024-101426,TOOFAN KE TIME TANKER NAHI AAYA RAILWAY CROSSING PE,Hinglish,Water Supply,High,Panic,Ward_02
GRV-2024-101074,বিদ্যুৎ বিভ্রাটের সময় রাস্তা খোঁড়াখুঁড়ি পড়ে আছে হাসপাতালের সামনে,Bengali,Roads & Traffic,Critical,Pleading,Ward_05
GRV-2024-102005,मच्छर बहुत हो गए हैं कॉलोनी गेट पर स्थिति बहुत खराब है,Hindi,Sanitation & Waste,High,Neutral,Ward_16
GRV-2024-100060,transformer blast ho gaya waterlogging ke baad petrol pump ke pass,Hinglish,Electricity,High,Panic,Ward_26
GRV-2024-101940,sf nh h rt k tm grdn m ????,Hinglish,Sanitation & Waste,Critical,Panic,Ward_03
GRV-2024-100092,toofan ke time transformer se chingari aa rahi!!!,Hinglish,Electricity,Critical,Neutral,Ward_23
GRV-2024-100666,खंभा गिर गया एटीएम के सामने,Hindi,Electricity,Medium,Panic,Ward_27
GRV-2024-101720,NO SPPLY T LL SDDENLY TDAY BESID PARTMNT TWR ????,English,Water Supply,Critical,Angry,Ward_23
GRV-2024-102246,pblic tilet hs n watr ftr cnstructon wrk,English,Public Parks & Infrastructure,Medium,Panic,Ward_21
GRV-2024-100280,meter me aag lga gayi colony gate par,Hinglish,Electricity,High,Pleading,Ward_28
GRV-2024-101719,DURING POWER CUT FOUL SMELLING WATER BESIDE APARTMENT TOWER!!,English,Water Supply,Critical,Panic,Ward_27
GRV-2024-101725,शाळेजवळ धोका आहे पाईपलाईन फुटली,Marathi,Water Supply,Critical,Panic,Ward_14
GRV-2024-100359,तार तुटून पडली आहे रेल्वे क्रॉसिंगजवळ!!!,Marathi,Electricity,Critical,Panic,Ward_23
GRV-2024-101748,pressure bohot kam hai railway crossing pe,Hinglish,Water Supply,Critical,Neutral,Ward_09
GRV-2024-101543,Terrible situation foul smellnig water at colony gate!!!,English,Water Supply,Critical,Angry,Ward_26
GRV-2024-101397,नल सूखे हैं त्योहार की भीड़ में सब्जी मंडी के पास!!,Hindi,Water Supply,Critical,Panic,Ward_15
GRV-2024-101803,swer lin blockd utsd cachng cntr,English,Sanitation & Waste,Medium,Frustrated,Ward_19
GRV-2024-100847,road pura dhans gaya,Hinglish,Roads & Traffic,Medium,Neutral,Ward_24
GRV-2024-101206,during power cut huge pothole causde accident,English,Roads & Traffic,Critical,Angry,Ward_18
GRV-2024-102262,आवारा कुत्ते बच्चों के पीछे भाग रहे हैं कोचिंग सेंटर के बाहर कल शाम से ????,Hindi,Public Parks & Infrastructure,Critical,Panic,Ward_03
GRV-2024-100760,why s nobdy lstenng hg pthl caused accdent besde tm,English,Roads & Traffic,Low,Panic,Ward_04
GRV-2024-100110,govt school ke pass puri colony me andhera hai waterlogging ke baad,Hinglish,Electricity,High,Frustrated,Ward_23
GRV-2024-100042,meter me aag lag gayi construction ke bada!!!,Hinglish,Electricity,Critical,Neutral,Ward_03
GRV-2024-100125,SLUM AREA ME ROAD PE CURRENT AA RAHA HAI POWER CUT KE TIME ????,Hinglish,Electricity,Critical,Panic,Ward_05
GRV-2024-100204,Aag lag gyi,English,Electricity,Critical,Panic,Ward_01
GRV-2024-101473,PAANI SE BADBOO AA RAHI RAIWLAY CROSSING PE,Hinglish,Water Supply,High,Angry,Ward_29
GRV-2024-100052,ஐயா தயவுசெய்து உதவுங்கள் மின்வெட்டின் போது மின் கம்பி அறுந்து தொங்குகிறது பஸ் ஸ்டாண்ட் அருகில்,Tamil,Electricity,Critical,Pleading,Ward_12
GRV-2024-100545,aaj achanak puri colony me andhera hai traffic chauraha pe,Hinglish,Electricity,High,Angry,Ward_26
GRV-2024-100068,HIGH TENSION LINE BROKE NEAR METRO STATION!!,English,Electricity,Critical,Panic,Ward_16
GRV-2024-102223,पार्क की लाइट खराब है डेयरी बूथ के पास,Hindi,Public Parks & Infrastructure,Critical,Angry,Ward_26
GRV-2024-101951,grbag overflwng n rd Pls chck immeditly ????,English,Sanitation & Waste,Critical,Pleading,Ward_21
GRV-2024-102197,awry kutt peeche pd rh prtmnt k bgl m,Hinglish,Public Parks & Infrastructure,Low,Neutral,Ward_27
GRV-2024-101908,NAALI BLOCK!!!,Hinglish,Sanitation & Waste,Critical,Angry,Ward_16
GRV-2024-101424,no supply at all druing festival crowd in public garden,English,Water Supply,High,Panic,Ward_28
GRV-2024-100183,transformer se chingari aa rahi baarish ke baad atm ke saamne,Hinglish,Electricity,Critical,Frustrated,Ward_24
GRV-2024-100137,রাস্তায় কারেন্ট ছড়াচ্ছে কেউ শুনছে না ঝড়ের সময়,Bengali,Electricity,Critical,Frustrated,Ward_13
GRV-2024-100899,near bus stand open manhole Sir pls help!!!,English,Roads & Traffic,Critical,Frustrated,Ward_27
GRV-2024-100796,कोणीही ऐकत नाही मोठा खड्डा पडला आहे रेल्वे क्रॉसिंगजवळ रात्रीच्या वेळी,Marathi,Roads & Traffic,High,Angry,Ward_13
GRV-2024-100132,शॉर्ट सर्किट झाले बस स्टँडजवळ!!,Marathi,Electricity,Critical,Panic,Ward_17
GRV-2024-100080,shrt crcit hppnd nr bs stnd,English,Electricity,High,Frustrated,Ward_06
GRV-2024-101586,Attention outside coaching center sewage mixed with drinking water,English,Water Supply,High,Frustrated,Ward_17
GRV-2024-102157,constrcton k bd gym k sman tot gya,Hinglish,Public Parks & Infrastructure,Critical,Pleading,Ward_04
GRV-2024-100758,signal kharab pada hai power cut ke time,Hinglish,Roads & Traffic,Medium,Pleading,Ward_19
GRV-2024-100541,HGH TNSN LN BROKE N MRKT RD,English,Electricity,Critical,Panic,Ward_20
GRV-2024-101019,ROAD PURA DHANS GAYA COACHING CENTRE KE BAHAR,Hinglish,Roads & Traffic,Low,Panic,Ward_20
GRV-2024-101766,mrgncy h aj chank kchra rod pr fl rh clny gt pr,Hinglish,Sanitation & Waste,High,Angry,Ward_08
GRV-2024-100983,Rd tot gy!!!,Hinglish,Roads & Traffic,Critical,Pleading,Ward_17
GRV-2024-102231,gym k smn tt gy fstval bhd me dry bth k pss,Hinglish,Public Parks & Infrastructure,Low,Panic,Ward_21
GRV-2024-100165,nr dry both shrt crcuit hppnd,English,Electricity,High,Angry,Ward_12
GRV-2024-100248,govt school ke pass khamba gir gaya,Hinglish,Electricity,Critical,Frustrated,Ward_09
GRV-2024-101331,xtremely lw prssur dring festvl crwd nr metr sttion,English,Water Supply,High,Angry,Ward_28
GRV-2024-100446,सड़क पर करंट फैल रहा है निर्माण कार्य के बाद मेट्रो स्टेशन के पास,Hindi,Electricity,Medium,Angry,Ward_11
GRV-2024-101776,MRGENCY HI AJ ACHNK GTTR K PAN GHR M A RAHA RLWY CRSSNG PE,Hinglish,Sanitation & Waste,Critical,Angry,Ward_12
GRV-2024-100858,traffic chauraha pe power cut ke time bohot bada gaddha ban gaya ????,Hinglish,Roads & Traffic,Critical,Neutral,Ward_10
GRV-2024-101358,K CTN KYU NH L RHA TNKR NH Y,Hinglish,Water Supply,High,Angry,Ward_01
GRV-2024-101861,கழிவுநீர் வீட்டிற்குள் ரயில்வே கிராசிங் அருகில்!!!,Tamil,Sanitation & Waste,Critical,Frustrated,Ward_03
GRV-2024-100097,please check immediately after waterlogging entire area is dark at traffic square,English,Electricity,High,Panic,Ward_26
GRV-2024-102307,pipeline khudai ke baad awariya kutte peeche pad rahe,Hinglish,Public Parks & Infrastructure,High,Neutral,Ward_05
GRV-2024-100805,oepn manhole beside apartment tower ????,English,Roads & Traffic,Critical,Frustrated,Ward_08
GRV-2024-100737,slippery mud everywhere beisde apartment tower,English,Roads & Traffic,Low,Angry,Ward_01
GRV-2024-102100,GUTTER OVERFLOW,Hinglish,Sanitation & Waste,Critical,Angry,Ward_24
GRV-2024-101885,बांधकामानंतर रस्त्यावर कचरा साचला आहे पेट्रोल पंपाजवळ ????,Marathi,Sanitation & Waste,Critical,Frustrated,Ward_17
GRV-2024-102000,kachre se dhuaan aa raha traffic chauraha pe ????,Hinglish,Sanitation & Waste,Critical,Pleading,Ward_02
GRV-2024-100102,nr vgetbl mrket drng hte strm hvy spark from trnsfrmr!!!,English,Electricity,Critical,Angry,Ward_28
GRV-2024-100434,lve wr hnging nr mtr sttn RGENT,English,Electricity,High,Angry,Ward_28
GRV-2024-100074,live wire hanging near petrol pump,English,Electricity,High,Frustrated,Ward_29
GRV-2024-100577,trnsfrmr xploded durng pwer ct n slm r!!!,English,Electricity,Critical,Frustrated,Ward_01
GRV-2024-101846,naali block,English,Sanitation & Waste,High,Frustrated,Ward_08
GRV-2024-102312,prk lights r cmpltly brkn after wtrlggng n slm re!!!,English,Public Parks & Infrastructure,Critical,Panic,Ward_14
GRV-2024-101230,signal kharab pada hai petrol pump ke pass,Hinglish,Roads & Traffic,Low,Panic,Ward_04
GRV-2024-100918,toofan ke time manhole khula hai petrol pump ke pass,Hinglish,Roads & Traffic,Critical,Pleading,Ward_24
GRV-2024-101326,garden me kichad wala paani aa raha,Hinglish,Water Supply,High,Frustrated,Ward_19
GRV-2024-102315,missing tiles on pathway suddenly today on market road,English,Public Parks & Infrastructure,High,Angry,Ward_14
GRV-2024-102286,PARK JANGAL BAN GAYA HAI HOSPITAL KE BAGAL ME,Hinglish,Public Parks & Infrastructure,Medium,Angry,Ward_09
GRV-2024-102245,suddenly today missing tiles on pathway near bus stand,English,Public Parks & Infrastructure,Critical,Angry,Ward_17
GRV-2024-100762,Road toot gaya,Bengali,Roads & Traffic,Critical,Pleading,Ward_29
GRV-2024-102115,রাস্তায় আবর্জনা সবজি বাজারের কাছে,Bengali,Sanitation & Waste,Medium,Frustrated,Ward_25
GRV-2024-100989,कृपया जल्दी देखें सड़क पर पानी भरा है सरकारी स्कूल के पास,Hindi,Roads & Traffic,Medium,Panic,Ward_17
GRV-2024-100388,pr clny m ndher h raat ke tm coolny gt pr!!!,Hinglish,Electricity,Critical,Frustrated,Ward_09
GRV-2024-100235,LIVE WIRE HANGING AFTER CONSTRUCTION WORK NEAR BUS STAND!!!,English,Electricity,Critical,Panic,Ward_22
GRV-2024-102494,PWR CT KE TME PBLC TOLT M PN NHI GRDN M,Hinglish,Public Parks & Infrastructure,Low,Panic,Ward_01
GRV-2024-100267,transformer udd gaya sabzi mandi ke paas,Hinglish,Electricity,Medium,Frustrated,Ward_03
GRV-2024-101329,নির্মাণ কাজের পর জরুরী ঘোলা জল আসছে,Bengali,Water Supply,High,Neutral,Ward_09
GRV-2024-102303,after waterlogging park has become a jungle outside temple,English,Public Parks & Infrastructure,Critical,Panic,Ward_07
GRV-2024-100117,live wire hanging in slum area,English,Electricity,Critical,Pleading,Ward_06
GRV-2024-100437,তার ছিঁড়ে ঝুলছে মন্দিরের বাইরে,Bengali,Electricity,High,Panic,Ward_16
GRV-2024-100673,পোল পড়ে গেছে জরুরী বাস স্ট্যান্ডের কাছে,Bengali,Electricity,High,Panic,Ward_29
GRV-2024-100249,Pls help jaldi road pe current aa raha hai garden me toofan ke time,Hinglish,Electricity,High,Panic,Ward_18
GRV-2024-102128,GARBAGE OVERFLOWING ON ROAD DURING POWER CUT SIR PLS HELP NEAR PETROL PUMP,English,Sanitation & Waste,Critical,Angry,Ward_17
GRV-2024-101574,nr bs stnd Why is nbdy lstenng xtremly lw prssr ftr hvy rn!!!,English,Water Supply,Critical,Angry,Ward_14
GRV-2024-102496,t clny gate Trrbl statn park lghts r completly brken sddenly tday,English,Public Parks & Infrastructure,Critical,Panic,Ward_25
GRV-2024-100094,DURING THE STORM HEAVY SPARK FROM TRANSFORMER ON MARKET ROAD,English,Electricity,Critical,Angry,Ward_09
GRV-2024-101897,गटर का पानी घर में आ रहा है निर्माण कार्य के बाद बस स्टैंड के पास,Hindi,Sanitation & Waste,High,Frustrated,Ward_18
GRV-2024-100033,AFTER CONSTRUCTION WORK PLEASE CHECK MIMEDIATELY HIGH TENSION LINE BROKE,English,Electricity,High,Angry,Ward_10
GRV-2024-102134,சாலையில் குப்பை அரசு பள்ளி அருகில் இரவு நேரத்தில்,Tamil,Sanitation & Waste,Medium,Angry,Ward_07
GRV-2024-102284,तुरंत ध्यान दें पाइपलाइन खुदाई के बाद आवारा कुत्ते बच्चों के पीछे भाग रहे हैं बस स्टैंड के पास ????,Hindi,Public Parks & Infrastructure,Critical,Angry,Ward_10
GRV-2024-100448,TRANSFORMER BLASTED DURING POWER CUT OUTSDIE TEMPLE,English,Electricity,Critical,Panic,Ward_02
GRV-2024-101469,sewage mixed with drinking water since yesterday evening in public garden,English,Water Supply,High,Neutral,Ward_19
GRV-2024-101795,मरा हुआ जानवर पड़ा है कोचिंग सेंटर के बाहर,Hindi,Sanitation & Waste,High,Angry,Ward_13
GRV-2024-100716,BOHOT BADA GADDHA BAN GAYA PLS HELP JALDI,Hinglish,Roads & Traffic,High,Panic,Ward_08
GRV-2024-101941,N PBLC GRDEN DD ANML SMELLNG BD!!,English,Sanitation & Waste,Critical,Panic,Ward_21
GRV-2024-102175,swings re dngrosly brkn aftr hvy rn otsid tmpl,English,Public Parks & Infrastructure,High,Angry,Ward_01
GRV-2024-100000,entire area is dark duirng festival crowd beside ATM,English,Electricity,Medium,Panic,Ward_20
GRV-2024-100456,आपातकाल ट्रांसफार्मर से स्पार्किंग हो रही है बस्ती में तूफान के दौरान,Hindi,Electricity,High,Neutral,Ward_27
GRV-2024-101101,Dvdr brokn,Hinglish,Roads & Traffic,High,Frustrated,Ward_20
GRV-2024-101108,bohot bada gaddha ban gaya toofan ke time,Hinglish,Roads & Traffic,High,Panic,Ward_03
GRV-2024-101882,SIR PLS SAFAI NAHI HUI ATM KE SAAMNE,Hinglish,Sanitation & Waste,Low,Angry,Ward_07
GRV-2024-100082,hayv sprk frm trnsfrmr fter wterlggng tsd templ!!,English,Electricity,Critical,Panic,Ward_26
GRV-2024-101481,fol smllng wter nr vgtbl mrkt,English,Water Supply,High,Frustrated,Ward_03
GRV-2024-101976,TOXIC SMOKE FROM GARBAGE,English,Sanitation & Waste,High,Panic,Ward_05
GRV-2024-100676,ntr r s drk besd TM,English,Electricity,High,Frustrated,Ward_13
GRV-2024-102042,at night time dead animal smelling bad near govt school,English,Sanitation & Waste,High,Pleading,Ward_22
GRV-2024-102126,garbg ovrflwng n rod at trffc sqr,English,Sanitation & Waste,Low,Frustrated,Ward_15
GRV-2024-101046,பணிகள் முடிக்கப்படவில்லை அரசு பள்ளி அருகில்,Tamil,Roads & Traffic,High,Neutral,Ward_03
GRV-2024-101460,PIPLIN FTT GAY PTRL PUMP KE PSS,Hinglish,Water Supply,Critical,Panic,Ward_22
GRV-2024-100770,kchd h kchd ha slm ra me,Hinglish,Roads & Traffic,Low,Frustrated,Ward_10
GRV-2024-101668,at trfafic square sewage mixed with drinking water,English,Water Supply,High,Angry,Ward_15
GRV-2024-102024,कचरा सड़क पर फैल रहा है पेट्रोल पंप के पास,Hindi,Sanitation & Waste,High,Neutral,Ward_10
GRV-2024-101963,Kids re in dangr msqtos breeding n stgnnt wtr tsid tmple t night tme ????,English,Sanitation & Waste,Critical,Frustrated,Ward_04
GRV-2024-100517,सर मदद करें बिजली कटौती के दौरान जीवित तार लटक रहा है,Hindi,Electricity,High,Angry,Ward_12
GRV-2024-100822,PN HBR GAYA PR RT K TIM SLM ARE M,Hinglish,Roads & Traffic,High,Angry,Ward_16
GRV-2024-100404,SHRT CRCT H GY GARDN M,Hinglish,Electricity,Medium,Panic,Ward_09
GRV-2024-100384,khamba gir gaya coaching center ke bahar,Hinglish,Electricity,Critical,Angry,Ward_07
GRV-2024-101991,gutter ka paani ghar me aa raha petrol pump ke pass!!,Hinglish,Sanitation & Waste,Critical,Panic,Ward_01
GRV-2024-102424,Please check immeidately park has become a jungle,English,Public Parks & Infrastructure,High,Panic,Ward_05
GRV-2024-100104,aaj achanak taar toot ke gir gaya apartment ke bagal me!!,Hinglish,Electricity,Critical,Frustrated,Ward_25
GRV-2024-101633,पाणी येत नाहीये कोणीही ऐकत नाही मुसळधार पावसानंतर,Marathi,Water Supply,Medium,Angry,Ward_02
GRV-2024-102384,terrible situation missing tiles on pathway near railway crossing during pwoer cut,English,Public Parks & Infrastructure,Medium,Angry,Ward_04
GRV-2024-100688,COMPLETELY UNACCEPTABLE SHORT CIRCUIT HAPPENED AT TRAFFIC SQUARE AFTER CONSTRUCTION WORK,English,Electricity,Medium,Panic,Ward_28
GRV-2024-102210,कोई सुन क्यों नहीं रहा जिम का सामान टूट गया है बस स्टैंड के पास आज अचानक,Hindi,Public Parks & Infrastructure,Critical,Frustrated,Ward_24
GRV-2024-100826,road sinking near bus stand!!,English,Roads & Traffic,Critical,Angry,Ward_21
GRV-2024-101240,DIGGING LEFT UNFINISHED AFTER CONSTRUCTION WOKR BESIDE ATM,English,Roads & Traffic,High,Angry,Ward_18
GRV-2024-100062,கனமழைக்கு பின் சாலையில் மின்சாரம் பரவுகிறது காய்கறி சந்தை அருகில் ????,Tamil,Electricity,Critical,Angry,Ward_04
GRV-2024-101305,petrol pump ke pass kichad wala paani aa raha,Hinglish,Water Supply,High,Angry,Ward_24
GRV-2024-100852,at traffic square divider completeyl broken!!!,English,Roads & Traffic,Critical,Frustrated,Ward_23
GRV-2024-102320,ஊஞ்சல்கள் உடைந்துள்ளன காய்கறி சந்தை அருகில்,Tamil,Public Parks & Infrastructure,High,Frustrated,Ward_21
GRV-2024-100176,entire area is dark near railway crossing,English,Electricity,High,Pleading,Ward_05
GRV-2024-101262,waterlogging ek baad signal kharab pada hai,Hinglish,Roads & Traffic,High,Pleading,Ward_21
GRV-2024-100223,nangi taar latak rahi hai,Hinglish,Electricity,Low,Angry,Ward_02
GRV-2024-100145,heavy spark from transformer beside hospital,English,Electricity,High,Angry,Ward_18
GRV-2024-101088,waterlogging on street,English,Roads & Traffic,High,Angry,Ward_21
GRV-2024-100373,PLEASE CHECK IMMEDIATELY TRANFSORMER BLASTED IN PUBLIC GARDEN!!!,English,Electricity,Critical,Panic,Ward_15
GRV-2024-101824,DD NML SMLLNG BAD T TRFFC SQUR,English,Sanitation & Waste,Critical,Panic,Ward_09
GRV-2024-102109,मच्छर वाढले,Marathi,Sanitation & Waste,High,Panic,Ward_23
GRV-2024-101142,koi action kyu nahi le raha construction ke baad kichad hi kichad hai dairy booth ke pass!!!,Hinglish,Roads & Traffic,Critical,Pleading,Ward_09
GRV-2024-102392,कोई सुन क्यों नहीं रहा आज अचानक रास्ते की टाइलें गायब हैं बाजार की सड़क पर,Hindi,Public Parks & Infrastructure,Critical,Angry,Ward_15
GRV-2024-102163,kal shaam se public toilet me paani nahi petrol pump ke pass,Hinglish,Public Parks & Infrastructure,Low,Angry,Ward_06
GRV-2024-101274,রাস্তায় জল জমেছে গতকাল সন্ধ্যা থেকে!!!,Bengali,Roads & Traffic,Critical,Panic,Ward_21
GRV-2024-101265,WATERLOGGING KE BAAD KICHAD HI KICHAD HAI HOSPITAL KE BAGAL ME,Hinglish,Roads & Traffic,High,Panic,Ward_04
GRV-2024-102233,கட்டுமான பணிக்கு பின் பூங்கா காடாக உள்ளது ஐயா தயவுசெய்து உதவுங்கள்,Tamil,Public Parks & Infrastructure,Critical,Frustrated,Ward_13
GRV-2024-101948,ko sn lo cnstructin k bd mcchr bht h gy slm r m,Hinglish,Sanitation & Waste,Low,Frustrated,Ward_01
GRV-2024-100009,puri colony me andhera hai,Hinglish,Electricity,Critical,Panic,Ward_19
GRV-2024-100449,KDS R IN DNGR T CLONY GATE TRNSFRMR EXPLDD,English,Electricity,High,Angry,Ward_07
GRV-2024-101838,आपातकाल सफाई नहीं हुई ट्रैफिक चौराहे पर,Hindi,Sanitation & Waste,Critical,Panic,Ward_06
GRV-2024-100708,त्वरित लक्ष द्या वादळादरम्यान रस्त्यावर पाणी साचले आहे,Marathi,Roads & Traffic,High,Angry,Ward_04
GRV-2024-100255,Aag alg gyi ????,English,Electricity,Critical,Frustrated,Ward_07
GRV-2024-100882,slippery mud everywhere on market road during the storm,English,Roads & Traffic,Low,Neutral,Ward_24
GRV-2024-101617,पानी बिल्कुल नहीं आ रहा बस्ती में,Hindi,Water Supply,Medium,Panic,Ward_08
GRV-2024-100389,shrt crct h gy clony gte par cnstruction k bd,Hinglish,Electricity,High,Frustrated,Ward_02
GRV-2024-102015,SEWER LINE BLOCK HO GAYI FESTIVAL BHEED ME GOVT SCHOOL KE PASS,Hinglish,Sanitation & Waste,High,Angry,Ward_09
GRV-2024-102395,நீர் தேங்கிய பின் தெரு நாய்கள் ஏடிஎம் அருகில்,Tamil,Public Parks & Infrastructure,High,Frustrated,Ward_21
GRV-2024-101581,কেউ শুনছে না জল জমার পর বাস স্ট্যান্ডের কাছে জল একেবারেই আসছে না ????,Bengali,Water Supply,Critical,Panic,Ward_21
GRV-2024-100908,bohot bada gaddha ban gaya traffic chauraha pe bhai,Hinglish,Roads & Traffic,Low,Pleading,Ward_21
GRV-2024-100924,KAL SHAAM SE PAANI BHAR GAYA PURA APARTMENT KE BAGAL ME,Hinglish,Roads & Traffic,High,Angry,Ward_24
GRV-2024-100751,kchd h kichd h petrol pump k pass,Hinglish,Roads & Traffic,High,Angry,Ward_26
GRV-2024-101889,SEWER LINE BLOCK HO GAYI MARKET ROAD PE,Hinglish,Sanitation & Waste,Low,Panic,Ward_26
GRV-2024-100460,CONSTRUCTION KE BAAD SHORT CIRCUIT HO GAYA APARTMENT KE BAGAL ME,Hinglish,Electricity,Low,Panic,Ward_25
GRV-2024-101747,paani aa hi nahi raha kal shaam se slum area me ????,Hinglish,Water Supply,Critical,Panic,Ward_15
GRV-2024-101947,कचरा सड़क पर फैल रहा है अपार्टमेंट के पास,Hindi,Sanitation & Waste,High,Frustrated,Ward_02
GRV-2024-101224,waterlogging ke baad khod ke chhod diya ATM ke saamne!!!,Hinglish,Roads & Traffic,Critical,Pleading,Ward_19
GRV-2024-101168,rd ndr ja rh hai rlway crssng pe,Hinglish,Roads & Traffic,High,Frustrated,Ward_03
GRV-2024-100958,drng th storm slippry md verywhr at trffc sqar,English,Roads & Traffic,High,Panic,Ward_12
GRV-2024-100501,Attention current spreading on road,English,Electricity,High,Panic,Ward_05
GRV-2024-101727,foul smelling water near vegetable market,English,Water Supply,High,Frustrated,Ward_13
GRV-2024-100739,মেট্রো স্টেশনের কাছে গতকাল সন্ধ্যা থেকে স্যার একটু দেখুন বিশাল গর্ত,Bengali,Roads & Traffic,High,Angry,Ward_27
GRV-2024-100040,जीवित तार लटक रहा है एटीएम के सामने,Hindi,Electricity,High,Neutral,Ward_15
GRV-2024-100868,kal shaam se signal kharab pada hai hospital ke bagal me,Hinglish,Roads & Traffic,Low,Frustrated,Ward_13
GRV-2024-100731,Gaddha,English,Roads & Traffic,High,Angry,Ward_26
GRV-2024-100539,DURING FESTIVAL CROWD ENTRIE AREA IS DARK NEAR PETROL PUMP,English,Electricity,Low,Panic,Ward_08
GRV-2024-101201,Manhole pn,English,Roads & Traffic,Low,Neutral,Ward_07
GRV-2024-101339,paani aa hi nahi raha festival bheed me mandir ke bahar,Hinglish,Water Supply,Critical,Neutral,Ward_29
GRV-2024-100697,transformer exploded near bus stand,English,Electricity,High,Pleading,Ward_06
GRV-2024-102344,public toilet me paani nahi baarish ke baad garden me,Hinglish,Public Parks & Infrastructure,High,Angry,Ward_15
GRV-2024-102087,macchr boht ho gye aprtmnt k bgl m,Hinglish,Sanitation & Waste,High,Frustrated,Ward_03
GRV-2024-102076,macchar bohot ho gaye garden me,Hinglish,Sanitation & Waste,Critical,Frustrated,Ward_08
GRV-2024-101371,paani se badboo aa rahi toofan ke time mandir ke bahar,Hinglish,Water Supply,High,Frustrated,Ward_26
GRV-2024-101145,digging elft unfinished outside coaching center!!!,English,Roads & Traffic,Critical,Angry,Ward_20
GRV-2024-101031,कल शाम से सड़क पर पानी भरा है!!,Hindi,Roads & Traffic,Critical,Panic,Ward_28
GRV-2024-100372,त्वरित लक्ष द्या मीटर बॉक्सला आग लागली मुख्य चौकात!!,Marathi,Electricity,Critical,Pleading,Ward_22
GRV-2024-100667,transformer se chingari aa rahi Koi sun lo power cut ke time ????,Hinglish,Electricity,Critical,Neutral,Ward_28
GRV-2024-101431,tap is dry in upblic garden,English,Water Supply,Low,Angry,Ward_28
GRV-2024-102183,ஜிம் பொருட்கள் சேதம் நேற்று மாலை முதல்!!!,Tamil,Public Parks & Infrastructure,Critical,Angry,Ward_19
GRV-2024-100357,suddenly today meter box caught fire at traffic square,English,Electricity,Critical,Pleading,Ward_15
GRV-2024-100967,রাস্তা ধসে গেছে জল জমার পর,Bengali,Roads & Traffic,Critical,Angry,Ward_01
GRV-2024-100783,khod ke chhod diya govt school ke pass,Hinglish,Roads & Traffic,Medium,Frustrated,Ward_01
GRV-2024-100735,बिजली कटौती के दौरान मैनहोल खुला है कॉलोनी गेट पर,Hindi,Roads & Traffic,High,Frustrated,Ward_11
GRV-2024-101353,during power cut foul smelling water near govt school,English,Water Supply,High,Angry,Ward_22
GRV-2024-101035,road sinking near petrol pump,English,Roads & Traffic,High,Panic,Ward_08
GRV-2024-100970,DIVIDER BROKEN,Hinglish,Roads & Traffic,High,Angry,Ward_04
GRV-2024-100470,তাড়াতাড়ি আসুন পোল পড়ে গেছে এটিএম এর সামনে জল জমার পর ????,Bengali,Electricity,Critical,Frustrated,Ward_08
GRV-2024-100655,rod p currnt a rh hai ptrl pmp k pss,Hinglish,Electricity,High,Frustrated,Ward_20
GRV-2024-102353,missng tils n pthwy trrbl staton t nght tim,English,Public Parks & Infrastructure,High,Panic,Ward_03
GRV-2024-101909,t night tme no swpng dn bsd prtment twr,English,Sanitation & Waste,Medium,Panic,Ward_16
GRV-2024-102330,SUDDENLY TODAY OPEN GYM EQUIPMENT DAMAGED IN PUBLIC GARDEN,English,Public Parks & Infrastructure,High,Panic,Ward_29
GRV-2024-101396,FL SMLLNG WTR FTER PPLNE DGGNG TSD CCHNG CNTER,English,Water Supply,High,Angry,Ward_28
GRV-2024-101536,tnkr did nt cme utsd tmpl,English,Water Supply,High,Neutral,Ward_22
GRV-2024-101983,मेलेले जनावर पडले आहे मंडईजवळ वादळादरम्यान ????,Marathi,Sanitation & Waste,Critical,Angry,Ward_27
GRV-2024-102181,park jangal ban gaya hai aaj achanak slum area me,Hinglish,Public Parks & Infrastructure,Low,Angry,Ward_19
GRV-2024-101549,foul smelling water Terrible situation after construction work,English,Water Supply,High,Frustrated,Ward_22
GRV-2024-101328,BHAI PRESSURE BOHOT KAM HAI PETROL PUMP KE APSS,Hinglish,Water Supply,High,Panic,Ward_28
GRV-2024-101256,Rd tt gya,Hinglish,Roads & Traffic,Critical,Neutral,Ward_22
GRV-2024-102161,stray dogs chasing kids in slum area,English,Public Parks & Infrastructure,Low,Frustrated,Ward_25
GRV-2024-101425,getting muddy water near dairy booth,English,Water Supply,Low,Pleading,Ward_19
GRV-2024-101464,নির্মাণ কাজের পর জলে দুর্গন্ধ এটিএম এর সামনে,Bengali,Water Supply,High,Neutral,Ward_08
GRV-2024-101555,PAANI NAHI AA RAHA!!!,Hindi,Water Supply,Critical,Angry,Ward_11
GRV-2024-102155,wrya ktt pch pd rh festvl bhd m,Hinglish,Public Parks & Infrastructure,Critical,Frustrated,Ward_06
GRV-2024-101250,अस्पताल के सामने बहुत बड़ा गड्ढा हो गया है जलभराव के बाद खतरा है,Hindi,Roads & Traffic,Critical,Panic,Ward_16
GRV-2024-101699,no supply at all outside coaching ecnter,English,Water Supply,Low,Angry,Ward_11
GRV-2024-101252,road andar ja raha hai hospital ke bagal me kal shaam se,Hinglish,Roads & Traffic,Critical,Angry,Ward_28
GRV-2024-102425,missing tiles on patwhay Why is nobody listening at colony gate ????,English,Public Parks & Infrastructure,Critical,Angry,Ward_24
GRV-2024-102318,GYM BRKN,Hinglish,Public Parks & Infrastructure,High,Angry,Ward_07
GRV-2024-101236,MANHOLE OPEN,Hinglish,Roads & Traffic,High,Panic,Ward_05
GRV-2024-100885,WATERLOGGING ON STREET DURING THE STORM EMERGENCY,English,Roads & Traffic,High,Angry,Ward_14
GRV-2024-100079,काल संध्याकाळपासून ट्रान्सफॉर्मरचा स्फोट झाला ATM जवळ,Marathi,Electricity,High,Frustrated,Ward_09
GRV-2024-101172,slum area me Arre yaar khod ke chhod diya,Hinglish,Roads & Traffic,Critical,Frustrated,Ward_22
GRV-2024-100814,mnhol khl hi sabz mnd k paas,Hinglish,Roads & Traffic,High,Pleading,Ward_26
GRV-2024-101852,Bhai macchar bohot ho gaye petrol pump ke pass,Hinglish,Sanitation & Waste,Critical,Neutral,Ward_27
GRV-2024-101970,मच्छर बहुत हो गए हैं कॉलोनी गेट पर,Hindi,Sanitation & Waste,High,Neutral,Ward_20
GRV-2024-100671,road pe current aa raha hai bhai,Hinglish,Electricity,High,Angry,Ward_10
GRV-2024-102186,park has become a junlge near vegetable market,English,Public Parks & Infrastructure,Critical,Angry,Ward_19
GRV-2024-102441,NEAR PTRL PMP PRK HS BCOM  JNGL ????,English,Public Parks & Infrastructure,Critical,Panic,Ward_12
GRV-2024-100057,BIJLI GAYI,Hinglish,Electricity,Low,Panic,Ward_12
GRV-2024-100133,सर मदद करें त्योहार की भीड़ में हाई टेंशन तार टूट गया अस्पताल के सामने,Hindi,Electricity,Medium,Frustrated,Ward_25
GRV-2024-101140,URGENT traffic signal is dead outsied temple,English,Roads & Traffic,High,Panic,Ward_20
GRV-2024-100933,HUGE PTOHOLE CAUSED ACCIDENT OUTSIDE COACHING CENTER,English,Roads & Traffic,Critical,Panic,Ward_21
GRV-2024-100928,Please check immediately waterlogging on street near dairy booth,English,Roads & Traffic,Critical,Panic,Ward_27
GRV-2024-100823,Cmpletly unccptbl ftr ppln dgging rd snking,English,Roads & Traffic,Medium,Panic,Ward_11
GRV-2024-101432,govt school ke pass tanker nahi aaya!!,Hinglish,Water Supply,Critical,Neutral,Ward_07
GRV-2024-101392,PAANI AA HI NAHI RAHA PIPELINE KHUDAI KE BAAD!!!,Hinglish,Water Supply,Critical,Panic,Ward_06
GRV-2024-101531,বিপদ জলে দুর্গন্ধ সরকারি স্কুলের কাছে,Bengali,Water Supply,Critical,Angry,Ward_23
GRV-2024-101214,ROAD PURA DHANS GAYA CONSTRUCTION KE BAAD ATM KE SAAMNE,Hinglish,Roads & Traffic,High,Angry,Ward_29
GRV-2024-100504,நேற்று மாலை முதல் ஷார்ட் சர்க்யூட் ஏடிஎம் அருகில்,Tamil,Electricity,Critical,Panic,Ward_06
GRV-2024-102469,jhoole toot gaye hain colony gate par Koi action kyu nahi le raha,Hinglish,Public Parks & Infrastructure,High,Frustrated,Ward_14
GRV-2024-100347,तार तुटून पडली आहे वीज कपातीदरम्यान,Marathi,Electricity,High,Frustrated,Ward_18
GRV-2024-100386,METER ME AAG LAG GAYI FESTIVAL BHEED ME MARKET ROAD PE,Hinglish,Electricity,High,Panic,Ward_02
GRV-2024-101024,Pls help jaldi manhole khula hai railway crossing pe,Hinglish,Roads & Traffic,High,Frustrated,Ward_05
GRV-2024-101958,சீக்கிரம் வாருங்கள் கோவில் வெளியே சாலையில் குப்பை,Tamil,Sanitation & Waste,High,Frustrated,Ward_04
GRV-2024-101384,plas chck mmdatly swag mxd with drnkng wtr nr gvt schl,English,Water Supply,High,Panic,Ward_02
GRV-2024-100894,রাস্তা ধসে গেছে নির্মাণ কাজের পর মেট্রো স্টেশনের কাছে ????,Bengali,Roads & Traffic,Critical,Frustrated,Ward_28
GRV-2024-100828,huge pothole caused accident at traffic square Sir pls help after heavy rain,English,Roads & Traffic,Critical,Angry,Ward_20
GRV-2024-102434,railway crossing pe tiles gayab hain path se,Hinglish,Public Parks & Infrastructure,High,Frustrated,Ward_04
GRV-2024-100475,transformer udd gaya construction ke baad colony gate par,Hinglish,Electricity,High,Panic,Ward_19
GRV-2024-101683,GUTTER KA PAANI MIX HO GAYA BAARISH KE BAAD METRO STATION KE PASS,Hinglish,Water Supply,Critical,Angry,Ward_17
GRV-2024-102140,KACHR RD PAR FAIL RHA RLWY CROSSING PE,Hinglish,Sanitation & Waste,High,Angry,Ward_08
GRV-2024-102327,लवकर बघा जिमचे साहित्य खराब रेल्वे क्रॉसिंगजवळ,Marathi,Public Parks & Infrastructure,High,Frustrated,Ward_25
GRV-2024-102125,gutter overflowing into houses after heavy rain,English,Sanitation & Waste,Critical,Frustrated,Ward_01
GRV-2024-102089,nar bus stand sewr ln blckd terrible sttn,English,Sanitation & Waste,High,Panic,Ward_25
GRV-2024-100652,ট্রান্সফরমার বাস্ট করেছে নির্মাণ কাজের পর,Bengali,Electricity,High,Neutral,Ward_11
GRV-2024-100172,khamba gir gaya pipeline khudai ke baad colony gate par,Hinglish,Electricity,Low,Frustrated,Ward_20
GRV-2024-101474,पाणी येत नाहीये मुसळधार पावसानंतर रुग्णालयासमोर,Marathi,Water Supply,High,Angry,Ward_02
GRV-2024-101149,bsd ATM pen manhol snc ystrdy vning,English,Roads & Traffic,High,Angry,Ward_24
GRV-2024-100038,Emergency live wire hanging,English,Electricity,High,Pleading,Ward_16
GRV-2024-101554,tanker nhai aaya traffic chauraha pe,Hinglish,Water Supply,High,Frustrated,Ward_15
GRV-2024-102385,Koi sun lo gym ka saaman toot gaya apartment ke bagal me,Hinglish,Public Parks & Infrastructure,High,Pleading,Ward_02
GRV-2024-100713,मुसळधार पावसानंतर सिग्नल बंद आहे मंडईजवळ,Marathi,Roads & Traffic,Low,Panic,Ward_26
GRV-2024-100090,Transformer dead,Bengali,Electricity,High,Panic,Ward_18
GRV-2024-100166,BH BRSH K BAD PR CLNY M ANDHERA HI GVT SCHL K PSS,Hinglish,Electricity,Medium,Angry,Ward_11
GRV-2024-101205,bachao waterlogging ke baad kichad hi kichad hai,Hinglish,Roads & Traffic,Low,Angry,Ward_02
GRV-2024-100875,emergency hai petrol pump ke pass signal kharab pada hai,Hinglish,Roads & Traffic,High,Panic,Ward_03
GRV-2024-100444,terrible situation meter box caught fire on market road!!!,English,Electricity,Critical,Frustrated,Ward_19
GRV-2024-102151,park ki light kharab hai hospital ke bagal me,Hinglish,Public Parks & Infrastructure,High,Frustrated,Ward_08
GRV-2024-102291,j chnak prk k lght khrb h bs stand k wah!!,Hinglish,Public Parks & Infrastructure,Critical,Pleading,Ward_10
GRV-2024-102483,STRY DGS CHSNG KIDS TSID TEMPL,English,Public Parks & Infrastructure,High,Panic,Ward_24
GRV-2024-101093,ஆபத்து பணிகள் முடிக்கப்படவில்லை,Tamil,Roads & Traffic,Low,Angry,Ward_29
GRV-2024-101827,Emergency during the storm toxic msoke from garbage near dairy booth,English,Sanitation & Waste,High,Frustrated,Ward_19
GRV-2024-101155,govt school ke pass road pura dhans gaya,Hinglish,Roads & Traffic,Critical,Frustrated,Ward_06
GRV-2024-101324,tanker did not come beside apartment tower,English,Water Supply,High,Angry,Ward_13
GRV-2024-100216,UGRENT ENTIRE AREA IS DARK NEAR PETROL PUMP DURING POWER CUT,English,Electricity,Medium,Panic,Ward_23
GRV-2024-101350,swge mxd wth drnkng wtr drng fstvl crowd utsd tmpl,English,Water Supply,High,Neutral,Ward_05
GRV-2024-100510,Blast hua,Hinglish,Electricity,High,Frustrated,Ward_29
GRV-2024-101680,Dry taps,Tamil,Water Supply,Critical,Angry,Ward_14
GRV-2024-100499,सरकारी स्कूल के पास सड़क पर करंट फैल रहा है कृपया जल्दी देखें ????,Hindi,Electricity,Critical,Angry,Ward_29
GRV-2024-102457,புயலின் போது அரசு பள்ளி அருகில் ஜிம் பொருட்கள் சேதம்,Tamil,Public Parks & Infrastructure,Medium,Frustrated,Ward_06
GRV-2024-101856,GTTR VERFLWNG NT HSS,English,Sanitation & Waste,Critical,Panic,Ward_07
GRV-2024-101388,paani aa hi nahi raha toofan ke time,Hinglish,Water Supply,High,Frustrated,Ward_10
GRV-2024-101519,पीने के पानी में सीवर का पानी खतरा है पब्लिक गार्डन में,Hindi,Water Supply,High,Pleading,Ward_25
GRV-2024-101671,colony gate par pressure bohot kam hai power cut ke time,Hinglish,Water Supply,Critical,Neutral,Ward_06
GRV-2024-100338,nang tr ltk rh h slm re me ????,Hinglish,Electricity,Critical,Frustrated,Ward_08
GRV-2024-102331,AWARIYA KUTTE PEECHE PAD RAHE,Hinglish,Public Parks & Infrastructure,High,Panic,Ward_09
GRV-2024-101188,Jld dekh rat k tm mnhol khul ha gvt schol k pass,Hinglish,Roads & Traffic,Low,Angry,Ward_26
GRV-2024-100028,ON MARKET ROAD SINCE YESTERDAY EVENING HEAVY SPARK FORM TRANSFORMER ????,English,Electricity,Critical,Angry,Ward_10
GRV-2024-101540,pressure bohot kam hai festival bheed me petrol pump ke pass ????,Hinglish,Water Supply,Critical,Frustrated,Ward_27
GRV-2024-101217,road puar dhans gaya atm ke saamne,Hinglish,Roads & Traffic,High,Frustrated,Ward_20
GRV-2024-102030,ஐயா தயவுசெய்து உதவுங்கள் கனமழைக்கு பின் கழிவுநீர் வீட்டிற்குள்,Tamil,Sanitation & Waste,Low,Frustrated,Ward_09
GRV-2024-100794,huge opthole caused accident in slum area,English,Roads & Traffic,Critical,Pleading,Ward_18
GRV-2024-100945,சாலை முற்றிலும் இடிந்தது,Tamil,Roads & Traffic,Low,Pleading,Ward_12
GRV-2024-101416,Koi cation kyu nahi le raha petrol pump ke pass nal sookh gaye,Hinglish,Water Supply,High,Panic,Ward_14
GRV-2024-100169,SHORT CIRCUIT HO GAYA COACHING CENTER KE BAHAR,Hinglish,Electricity,High,Panic,Ward_13
GRV-2024-102094,sir pls help garbage overflowing on road after waterlogging,English,Sanitation & Waste,Critical,Frustrated,Ward_06
GRV-2024-101676,Bachao petrol pump ke pass nal sookh gaye waterlogging ke baad,Hinglish,Water Supply,Critical,Angry,Ward_10
GRV-2024-101197,HGE OPTHLE CSD CCDNT,English,Roads & Traffic,Critical,Panic,Ward_03
GRV-2024-101542,डेयरी बूथ के पास निर्माण कार्य के बाद पानी से बदबू आ रही है,Hindi,Water Supply,High,Angry,Ward_21
GRV-2024-101253,বিপদ রাস্তায় জল জমেছে,Bengali,Roads & Traffic,Critical,Neutral,Ward_06
GRV-2024-101276,मॅनहोल उघडे आहे मेट्रो स्टेशनजवळ ????,Marathi,Roads & Traffic,Critical,Neutral,Ward_18
GRV-2024-100912,Lk t ths fter pipln dggng t clny gt hg pthle csd ccidnt,English,Roads & Traffic,High,Pleading,Ward_07
GRV-2024-100491,மின் கம்பி அறுந்து தொங்குகிறது இரவு நேரத்தில் பஸ் ஸ்டாண்ட் அருகில் உதவி,Tamil,Electricity,High,Panic,Ward_28
GRV-2024-100953,Koi action kyu nahi le raha market road pe paani bhar gaya pura,Hinglish,Roads & Traffic,High,Frustrated,Ward_04
GRV-2024-101097,சீக்கிரம் வாருங்கள் கட்டுமான பணிக்கு பின் பணிகள் முடிக்கப்படவில்லை பஸ் ஸ்டாண்ட் அருகில்,Tamil,Roads & Traffic,High,Pleading,Ward_05
GRV-2024-101032,sir pls baarish ke baad kichad hi kichad hai colony gate par,Hinglish,Roads & Traffic,High,Angry,Ward_25
GRV-2024-100587,Current leak,Hinglish,Electricity,High,Angry,Ward_07
GRV-2024-100750,kal shaam se road andar ja raha hai slum area me,Hinglish,Roads & Traffic,Low,Panic,Ward_10
GRV-2024-100657,शॉर्ट सर्किट हो गया सब्जी मंडी के पास!!,Hindi,Electricity,Critical,Neutral,Ward_27
GRV-2024-101866,garden me mara janwar pada hai,Hinglish,Sanitation & Waste,Low,Angry,Ward_27
GRV-2024-100234,स्थिति बहुत खराब है जीवित तार लटक रहा है बस स्टैंड के पास जलभराव के बाद,Hindi,Electricity,High,Frustrated,Ward_01
GRV-2024-100732,pls hlp jaldi tofn k tm sgnl khrab pd h markt rd p,Hinglish,Roads & Traffic,Low,Frustrated,Ward_22
GRV-2024-102492,besd hsptal swngs re dngrously brkn Plese check mmditely,English,Public Parks & Infrastructure,Critical,Pleading,Ward_22
GRV-2024-101186,drng hte strm waterlggng n stret,English,Roads & Traffic,High,Frustrated,Ward_15
GRV-2024-101156,Danger hai bhai paartment ke bagal me road andar ja raha hai,Hinglish,Roads & Traffic,Medium,Frustrated,Ward_21
GRV-2024-102453,public toilet has no water,English,Public Parks & Infrastructure,Low,Frustrated,Ward_28
GRV-2024-101246,beside apartment tower main market road collapsed,English,Roads & Traffic,High,Neutral,Ward_21
GRV-2024-102448,টয়লেটে জল নেই মন্দিরের বাইরে,Bengali,Public Parks & Infrastructure,Medium,Angry,Ward_21
GRV-2024-100934,Jald dekh pn bhr gya pr metr statn ke pss,Hinglish,Roads & Traffic,Low,Frustrated,Ward_13
GRV-2024-101209,রাস্তায় জল জমেছে সরকারি স্কুলের কাছে ????,Bengali,Roads & Traffic,Critical,Frustrated,Ward_12
GRV-2024-101065,DURING THE STORM OPEN MANHOLE NEAR PETROL PUMP,English,Roads & Traffic,High,Angry,Ward_09
GRV-2024-101716,দয়া করে সাহায্য করুন হাসপাতালের সামনে জলের প্রেসার কম,Bengali,Water Supply,High,Angry,Ward_06
GRV-2024-100108,meter box caught fire near metro station,English,Electricity,High,Angry,Ward_10
GRV-2024-101062,Sir pls dairy booth ke pass bohot bada gaddha ban gaya pipeline khudai ke baad,Hinglish,Roads & Traffic,Critical,Pleading,Ward_22
GRV-2024-100568,মিটার বক্সে আগুন লেগেছে ভারী বৃষ্টির পর,Bengali,Electricity,High,Frustrated,Ward_06
GRV-2024-101167,PAANI BHAR GAYA PURA BAARISH KE BAAD APARTMENT KE BAGAL ME,Hinglish,Roads & Traffic,Low,Panic,Ward_14
GRV-2024-101174,road andar ja raha hai colony gate par ????,Hinglish,Roads & Traffic,Critical,Panic,Ward_17
GRV-2024-101588,nr bs stand swg mxd wth drnkng wtr Why s nobody listenng,English,Water Supply,High,Frustrated,Ward_10
GRV-2024-101507,সবজি বাজারের কাছে তাড়াতাড়ি আসুন জলের প্রেসার কম!!!,Bengali,Water Supply,Critical,Frustrated,Ward_14
GRV-2024-101492,पाणी येत नाहीये मंडईजवळ,Marathi,Water Supply,High,Pleading,Ward_16
GRV-2024-100890,khod ke chhod diya apartment ke bagal me,Hinglish,Roads & Traffic,High,Frustrated,Ward_15
GRV-2024-100947,fstvl bhd me rd ndr j rh hi sbz mnd k ps ????,Hinglish,Roads & Traffic,Critical,Panic,Ward_01
GRV-2024-101048,மேன்ஹோல் திறந்துள்ளது இரவு நேரத்தில் மருத்துவமனை முன்,Tamil,Roads & Traffic,Critical,Panic,Ward_21
GRV-2024-102057,Smell,Hinglish,Sanitation & Waste,High,Panic,Ward_27
GRV-2024-100884,निर्माण कार्य के बाद सड़क पर कीचड़ है,Hindi,Roads & Traffic,Critical,Panic,Ward_29
GRV-2024-100143,heavy spark from transformer at night time,English,Electricity,Critical,Frustrated,Ward_19
GRV-2024-102452,wry ktt pch pd rhe,Hinglish,Public Parks & Infrastructure,High,Neutral,Ward_18
GRV-2024-100850,cmpltly nccptabl pen mnhl ner vegtble mrket drng fstvl crwd ????,English,Roads & Traffic,Critical,Frustrated,Ward_06
GRV-2024-100717,রাস্তা ধসে গেছে রাতের বেলায় ????,Bengali,Roads & Traffic,Critical,Panic,Ward_25
GRV-2024-102371,jhoole toot gaye hain,Hinglish,Public Parks & Infrastructure,Critical,Angry,Ward_29
GRV-2024-100264,உதவி இரவு நேரத்தில் மின் கம்பி அறுந்து தொங்குகிறது ஏடிஎம் அருகில்,Tamil,Electricity,Critical,Angry,Ward_04
GRV-2024-100075,দয়া করে সাহায্য করুন মিটার বক্সে আগুন লেগেছে মেট্রো স্টেশনের কাছে জল জমার পর,Bengali,Electricity,Critical,Frustrated,Ward_06
GRV-2024-100395,mtr m g lg gy Dngr h bh hsptl k bgl me ????,Hinglish,Electricity,Critical,Neutral,Ward_21
GRV-2024-102117,NEAR METRO STATION GUTTER OVERFLOWING INTO HOUSES KIDS ARE IN DANGER,English,Sanitation & Waste,High,Panic,Ward_06
GRV-2024-102335,Gym broken,Hinglish,Public Parks & Infrastructure,High,Angry,Ward_23
GRV-2024-100396,মিটার বক্সে আগুন লেগেছে গতকাল সন্ধ্যা থেকে সবজি বাজারের কাছে,Bengali,Electricity,Medium,Angry,Ward_22
GRV-2024-101365,hospital ke bagal me paani aa hi nahi raha power cut ke time,Hinglish,Water Supply,Critical,Pleading,Ward_02
GRV-2024-102077,நீர் தேங்கிய பின் இறந்த விலங்கு காய்கறி சந்தை அருகில் சீக்கிரம் வாருங்கள்,Tamil,Sanitation & Waste,High,Pleading,Ward_02
GRV-2024-101903,मरा हुआ जानवर पड़ा है रात के समय मेट्रो स्टेशन के पास,Hindi,Sanitation & Waste,High,Panic,Ward_16
GRV-2024-100595,SUDDENLY TODAY TRANSFORMER EXPLODED AT COLONY GATE WHY IS NOBODY LISTENING,English,Electricity,High,Angry,Ward_02
GRV-2024-101296,Traffic jam,Tamil,Roads & Traffic,High,Neutral,Ward_07
GRV-2024-101821,खतरा है भारी बारिश के बाद मरा हुआ जानवर पड़ा है रेलवे क्रॉसिंग के पास,Hindi,Sanitation & Waste,High,Angry,Ward_10
GRV-2024-100872,TRAFFC JM,Hinglish,Roads & Traffic,High,Angry,Ward_12
GRV-2024-101548,bsid hsptl fl smllng watr!!,English,Water Supply,Critical,Angry,Ward_16
GRV-2024-100036,transformer exploded beside atm!!!,English,Electricity,Critical,Angry,Ward_26
GRV-2024-102273,ஆபத்து மின்வெட்டின் போது பூங்கா விளக்குகள் எரியவில்லை மருத்துவமனை முன்,Tamil,Public Parks & Infrastructure,Critical,Panic,Ward_24
GRV-2024-102123,rr yar mcchr boht h gaye TM k smne fstval bhd m!!!,Hinglish,Sanitation & Waste,Critical,Angry,Ward_17
GRV-2024-100977,ROAD PURA DHANS GAYA BUS STAND KE WAHA!!,Hinglish,Roads & Traffic,Critical,Angry,Ward_03
GRV-2024-101571,pipeline khudai ke baad pressure bohot kam hai sabiz mandi ke paas ????,Hinglish,Water Supply,Critical,Neutral,Ward_06
GRV-2024-101122,मदद करें आज अचानक सड़क नीचे जा रही है सरकारी स्कूल के पास,Hindi,Roads & Traffic,Low,Panic,Ward_07
GRV-2024-101892,n swepng dn drng fstval crwd otsde cchng centr,English,Sanitation & Waste,High,Pleading,Ward_07
GRV-2024-100675,HIGH TENSION LINE BROKE DURING FESTIVAL CROWD BESIDE ATM,English,Electricity,Critical,Panic,Ward_06
GRV-2024-100728,kichd hi kchad h tfn k tm hspital k bgal m,Hinglish,Roads & Traffic,Critical,Panic,Ward_24
GRV-2024-100412,Bijli gayi,Bengali,Electricity,High,Pleading,Ward_13
GRV-2024-101516,GARDEN ME KICHAD WALA PAANI AA RAHA,Hinglish,Water Supply,High,Angry,Ward_12
GRV-2024-101649,नल सूखे हैं रात के समय,Hindi,Water Supply,High,Neutral,Ward_24
GRV-2024-100825,Completely unacceptable at night time main market road collapsed in slum area,English,Roads & Traffic,High,Pleading,Ward_02
GRV-2024-100616,AFTER WATERLOGGING METER BXO CAUGHT FIRE BESIDE HOSPITAL,English,Electricity,Critical,Panic,Ward_15
GRV-2024-100114,look at this heavy psark from transformer,English,Electricity,Critical,Frustrated,Ward_09
GRV-2024-100417,आज अचानक जीवित तार लटक रहा है रेलवे क्रॉसिंग के पास!!!,Hindi,Electricity,Critical,Frustrated,Ward_26
GRV-2024-101625,மருத்துவமனை முன் ஆபத்து இரவு நேரத்தில் குடிநீர் குழாய் உடைந்தது,Tamil,Water Supply,High,Panic,Ward_04
GRV-2024-102450,Dogs n park,Hinglish,Public Parks & Infrastructure,Medium,Frustrated,Ward_26
GRV-2024-100089,बिजली कटौती के दौरान ट्रांसफार्मर फट गया रेलवे क्रॉसिंग के पास,Hindi,Electricity,Critical,Angry,Ward_24
GRV-2024-102082,கொசுக்கள் அதிகம்,Tamil,Sanitation & Waste,High,Neutral,Ward_29
GRV-2024-100753,manhole khula hai ATM ke saamne,Hinglish,Roads & Traffic,High,Frustrated,Ward_05
GRV-2024-101630,জলে দুর্গন্ধ বাস স্ট্যান্ডের কাছে ????,Bengali,Water Supply,Critical,Angry,Ward_11
GRV-2024-100011,Taar gir gaya,Tamil,Electricity,Critical,Frustrated,Ward_23
GRV-2024-100284,road pe current aa raha hai raat ke time bus stand ke waha,Hinglish,Electricity,High,Panic,Ward_08
GRV-2024-101066,রাস্তায় জল জমেছে,Bengali,Roads & Traffic,Low,Frustrated,Ward_05
GRV-2024-101191,open manhole near govt school,English,Roads & Traffic,Critical,Neutral,Ward_10
GRV-2024-101440,புயலின் போது குடிநீரில் கழிவுநீர்,Tamil,Water Supply,High,Frustrated,Ward_28
GRV-2024-102337,sabzi mandi ke paas power cut ke time park jangal ban gaya hai,Hinglish,Public Parks & Infrastructure,Medium,Pleading,Ward_14
GRV-2024-102409,तुरंत ध्यान दें आवारा कुत्ते बच्चों के पीछे भाग रहे हैं बस्ती में,Hindi,Public Parks & Infrastructure,Low,Frustrated,Ward_20
GRV-2024-102257,near bus stand stray dogs chasing kids,English,Public Parks & Infrastructure,Medium,Panic,Ward_19
GRV-2024-101568,colony gate par Emergency hai kichad wala paani aa raha,Hinglish,Water Supply,Medium,Panic,Ward_08
GRV-2024-102143,KCHRE S DHUN A RHA DAIRY BOTH K PSS,Hinglish,Sanitation & Waste,High,Angry,Ward_16
GRV-2024-101687,tap is dry during festival crowd near metro station,English,Water Supply,Medium,Angry,Ward_19
GRV-2024-100851,rtaffic signal is dead outside temple,English,Roads & Traffic,Low,Angry,Ward_15
GRV-2024-100895,signal dead!!!,English,Roads & Traffic,Critical,Angry,Ward_22
GRV-2024-100496,bijli gyai ????,Hinglish,Electricity,Critical,Frustrated,Ward_03
GRV-2024-101782,safai nahi hui pterol pump ke pass,Hinglish,Sanitation & Waste,High,Frustrated,Ward_29
GRV-2024-100335,aaj achanak transformer udd gaya traffic chauraha pe ????,Hinglish,Electricity,Critical,Panic,Ward_14
GRV-2024-100515,मेट्रो स्टेशनजवळ मीटर बॉक्सला आग लागली,Marathi,Electricity,High,Panic,Ward_17
GRV-2024-101348,पानी बिल्कुल नहीं आ रहा,Hindi,Water Supply,Critical,Panic,Ward_07
GRV-2024-101015,त्वरित लक्ष द्या रस्त्यावर पाणी साचले आहे मेट्रो स्टेशनजवळ वादळादरम्यान,Marathi,Roads & Traffic,Medium,Frustrated,Ward_02
GRV-2024-102431,बस स्टैंड के पास कोई सुन क्यों नहीं रहा झूले टूट गए हैं बिजली कटौती के दौरान,Hindi,Public Parks & Infrastructure,Medium,Frustrated,Ward_04
GRV-2024-101781,mara janwar paad hai bus stand ke waha!!,Hinglish,Sanitation & Waste,Critical,Panic,Ward_12
GRV-2024-101785,after construction owrk gutter overflowing into houses near petrol pump,English,Sanitation & Waste,High,Angry,Ward_02
GRV-2024-102070,durng pwr cut Plse check mmdtly tsd tmple msqutos bredng in stgnnt wtr,English,Sanitation & Waste,High,Pleading,Ward_10
GRV-2024-100356,Sr pls help high tnsn ln brk nr vgetabl markt,English,Electricity,Critical,Pleading,Ward_10
GRV-2024-102378,मदद करें पब्लिक टॉयलेट में पानी नहीं है कोचिंग सेंटर के बाहर पाइपलाइन खुदाई के बाद,Hindi,Public Parks & Infrastructure,High,Angry,Ward_06
GRV-2024-101312,nal sookh gaye metro tsation ke pass!!!,Hinglish,Water Supply,Critical,Angry,Ward_20
GRV-2024-101635,during festival crowd tap is dry urgent at colony gate,English,Water Supply,Critical,Frustrated,Ward_22
GRV-2024-100550,transforemr dead,Hinglish,Electricity,High,Neutral,Ward_13
GRV-2024-101227,सड़क पर कीचड़ है डेयरी बूथ के पास,Hindi,Roads & Traffic,Critical,Angry,Ward_22
GRV-2024-102230,जिमचे साहित्य खराब मंडईजवळ,Marathi,Public Parks & Infrastructure,Critical,Panic,Ward_10
GRV-2024-100957,manhole khula hai festival bheed me apartment ke bagal me,Hinglish,Roads & Traffic,Critical,Angry,Ward_09
GRV-2024-101773,T NIGHT TM DAD NML SMLLNG BD BESDE PRTMNT TWR,English,Sanitation & Waste,Critical,Angry,Ward_03
GRV-2024-101008,मदद करें डिवाइडर टूट गया है,Hindi,Roads & Traffic,Low,Angry,Ward_16
GRV-2024-101092,khod ke chhod diya bus stand ke waha,Hinglish,Roads & Traffic,High,Angry,Ward_25
GRV-2024-102224,beside atm after construction work park has become a jungle,English,Public Parks & Infrastructure,Medium,Panic,Ward_12
GRV-2024-100996,traffic signal is dead beside apartment tower,English,Roads & Traffic,High,Panic,Ward_27
GRV-2024-101679,pipeline khudai ke baad railway crossing pe pipeline fatt gayi!!!,Hinglish,Water Supply,Critical,Frustrated,Ward_11
GRV-2024-100153,स्थिति बहुत खराब है मीटर बॉक्स जल गया पेट्रोल पंप के पास बिजली कटौती के दौरान,Hindi,Electricity,High,Neutral,Ward_24
GRV-2024-100580,pl fell dwn sddnly tody n mrket rd,English,Electricity,High,Frustrated,Ward_29
GRV-2024-101470,Smelly water,Hinglish,Water Supply,Medium,Panic,Ward_03
GRV-2024-100703,Bachao pipeline khudai ke baad bohot bada gaddha ban gaya bus stand ke waha,Hinglish,Roads & Traffic,Low,Frustrated,Ward_22
GRV-2024-101212,सड़क खोदकर छोड़ दी,Hindi,Roads & Traffic,Medium,Panic,Ward_03
GRV-2024-100896,ACCIDENT ROAD,Hinglish,Roads & Traffic,High,Panic,Ward_09
GRV-2024-100487,ट्रांसफार्मर में आग लग गई बिजली कटौती के दौरान सर मदद करें,Hindi,Electricity,High,Frustrated,Ward_29
GRV-2024-100559,மீட்டர் பெட்டியில் தீ காய்கறி சந்தை அருகில்,Tamil,Electricity,High,Frustrated,Ward_01
GRV-2024-101141,DIVIDER COMPLETELY BROKEN OUTSIDE TEMPLE!!,English,Roads & Traffic,Critical,Angry,Ward_26
GRV-2024-101119,near railway crossing open manhole,English,Roads & Traffic,Medium,Frustrated,Ward_09
GRV-2024-100512,Curernt leak,Hinglish,Electricity,High,Panic,Ward_03
GRV-2024-100633,during power uct transformer exploded on market road,English,Electricity,High,Panic,Ward_13
GRV-2024-102150,தெரு நாய்கள் இரவு நேரத்தில் அரசு பள்ளி அருகில்,Tamil,Public Parks & Infrastructure,Critical,Neutral,Ward_12
GRV-2024-101664,Koi action kyu nahi le raha power cut ke time paani se badboo aa rahi,Hinglish,Water Supply,Critical,Frustrated,Ward_26
GRV-2024-101012,divider toot gaya hai pipeline khudai ke baad,Hinglish,Roads & Traffic,High,Panic,Ward_19
GRV-2024-101931,सफाई नहीं हुई त्योहार की भीड़ में कोचिंग सेंटर के बाहर,Hindi,Sanitation & Waste,High,Angry,Ward_22
GRV-2024-101150,Dangr h bh fstivl bhd m bhot bd gddh bn gy mtro sttin k pss,Hinglish,Roads & Traffic,Critical,Panic,Ward_07
GRV-2024-102340,on market road missing tiles on pathway after constructino work,English,Public Parks & Infrastructure,Medium,Panic,Ward_23
GRV-2024-100116,transformer se chingari aa rahi petrol pump ke pass,Hinglish,Electricity,High,Angry,Ward_04
GRV-2024-100740,waterlogging on street outside temple,English,Roads & Traffic,Low,Frustrated,Ward_29
GRV-2024-102304,भटके कुत्रे मेट्रो स्टेशनजवळ!!,Marathi,Public Parks & Infrastructure,Critical,Angry,Ward_20
GRV-2024-101974,ded nml smllng bd at rtffc sqr,English,Sanitation & Waste,High,Panic,Ward_17
GRV-2024-101081,ROAD SINKING,English,Roads & Traffic,High,Angry,Ward_09
GRV-2024-101810,गटार तुंबले आहे पाणी साचल्यानंतर ATM जवळ,Marathi,Sanitation & Waste,Critical,Angry,Ward_12
GRV-2024-100830,slppry md vrywhre snc yesterdy vning bsd tm,English,Roads & Traffic,Critical,Frustrated,Ward_23
GRV-2024-100119,இரவு நேரத்தில் ஷார்ட் சர்க்யூட்,Tamil,Electricity,High,Panic,Ward_26
GRV-2024-100656,शॉर्ट सर्किट झाले शाळेजवळ,Marathi,Electricity,High,Panic,Ward_19
GRV-2024-102377,भटके कुत्रे रात्रीच्या वेळी,Marathi,Public Parks & Infrastructure,High,Panic,Ward_11
GRV-2024-102239,Gym brkoen,Hinglish,Public Parks & Infrastructure,Critical,Angry,Ward_02
GRV-2024-102444,DOGS IN PARK!!!,English,Public Parks & Infrastructure,Critical,Panic,Ward_14
GRV-2024-100635,entire area is dark beside ATM,English,Electricity,Low,Frustrated,Ward_23
GRV-2024-100369,இரவு நேரத்தில் மீட்டர் பெட்டியில் தீ,Tamil,Electricity,Low,Angry,Ward_05
GRV-2024-100268,raod pe current aa raha hai petrol pump ke pass,Hinglish,Electricity,High,Neutral,Ward_29
GRV-2024-100046,live wire hanging near metro station,English,Electricity,High,Pleading,Ward_07
GRV-2024-100991,dviider toot gaya hai,Hinglish,Roads & Traffic,High,Angry,Ward_06
GRV-2024-100876,Pls help jaldi manhole khula hai apartment ke bagal me,Hinglish,Roads & Traffic,High,Angry,Ward_28
GRV-2024-100773,waterlogging on street on market road,English,Roads & Traffic,Critical,Panic,Ward_24
GRV-2024-101219,dring pwr cut bside ATM slppry md vrywhr,English,Roads & Traffic,Critical,Neutral,Ward_12
GRV-2024-101126,Bhai road andar ja raha hai petrol pump ke pass kal shaam se,Hinglish,Roads & Traffic,High,Panic,Ward_06
GRV-2024-100004,ENTIRE AREA IS DARK DURING THE STORM NEAR GOTV SCHOOL,English,Electricity,Medium,Angry,Ward_17
GRV-2024-101595,नल सूखे हैं कृपया जल्दी देखें बस स्टैंड के पास,Hindi,Water Supply,High,Angry,Ward_06
GRV-2024-101077,divider toot gaya hai petrol pump ke pass,Hinglish,Roads & Traffic,Medium,Panic,Ward_02
GRV-2024-100837,त्योहार की भीड़ में तुरंत ध्यान दें मैनहोल खुला है,Hindi,Roads & Traffic,Low,Neutral,Ward_23
GRV-2024-100681,KO SUN L KL SHAM S METER M G LG GAY MNDR K BHAR,Hinglish,Electricity,Medium,Panic,Ward_22
GRV-2024-101715,aj chnk prssur bht km h ptrol pmp k pss!!,Hinglish,Water Supply,Critical,Angry,Ward_16
GRV-2024-101148,রাস্তা ধসে গেছে স্যার একটু দেখুন মেট্রো স্টেশনের কাছে,Bengali,Roads & Traffic,Low,Angry,Ward_02
GRV-2024-100574,Bachao pipeline khudai ke baad taar toot ke gir gaya,Hinglish,Electricity,High,Pleading,Ward_02
GRV-2024-100050,শর্ট সার্কিট হয়েছে ঝড়ের সময় সরকারি স্কুলের কাছে,Bengali,Electricity,High,Neutral,Ward_29
GRV-2024-100853,मैनहोल खुला है कृपया जल्दी देखें,Hindi,Roads & Traffic,Low,Panic,Ward_11
GRV-2024-101982,TSD TMPL GTTR VERFLWNG NT HOSS,English,Sanitation & Waste,High,Angry,Ward_13
GRV-2024-101823,nr govt schl msqts breeding n stgnnt water ftr ppeln diggng,English,Sanitation & Waste,High,Pleading,Ward_18
GRV-2024-100833,ঝড়ের সময় রাস্তা ধসে গেছে এটিএম এর সামনে,Bengali,Roads & Traffic,High,Angry,Ward_07
GRV-2024-101115,slippery md vrywhre bsd apartment towr,English,Roads & Traffic,High,Neutral,Ward_24
GRV-2024-101166,pni bhar gy pra clny gat pr,Hinglish,Roads & Traffic,High,Panic,Ward_28
GRV-2024-101906,raat ke time metro statoin ke pass kachre se dhuaan aa raha ????,Hinglish,Sanitation & Waste,Critical,Pleading,Ward_26
GRV-2024-100971,দয়া করে সাহায্য করুন রাস্তা খোঁড়াখুঁড়ি পড়ে আছে মেট্রো স্টেশনের কাছে,Bengali,Roads & Traffic,High,Angry,Ward_04
GRV-2024-100399,transformer xeploded beside hospital,English,Electricity,Critical,Panic,Ward_13
GRV-2024-100019,live wire hnaging beside ATM,English,Electricity,High,Pleading,Ward_22
GRV-2024-100684,हाई टेंशन तार टूट गया कृपया जल्दी देखें बस्ती में,Hindi,Electricity,Critical,Panic,Ward_29
GRV-2024-100035,वादळादरम्यान पेट्रोल पंपाजवळ खांब पडला,Marathi,Electricity,Low,Frustrated,Ward_20
GRV-2024-102362,நீர் தேங்கிய பின் மருத்துவமனை முன் ஊஞ்சல்கள் உடைந்துள்ளன,Tamil,Public Parks & Infrastructure,High,Angry,Ward_24
GRV-2024-100524,রাস্তায় কারেন্ট ছড়াচ্ছে এটিএম এর সামনে!!,Bengali,Electricity,Critical,Angry,Ward_16
GRV-2024-100920,बहुत बड़ा गड्ढा हो गया है तूफान के दौरान,Hindi,Roads & Traffic,High,Panic,Ward_21
GRV-2024-101841,Arre yaar pipeline khudai ke baad kachra road par fail raha market road pe,Hinglish,Sanitation & Waste,High,Panic,Ward_11
GRV-2024-101890,Gutter overflow,Hinglish,Sanitation & Waste,High,Frustrated,Ward_23
GRV-2024-100537,meter me aag lag gayi pls help jaldi,Hinglish,Electricity,High,Frustrated,Ward_14
GRV-2024-101705,paani aa hi nahi raha railway crossing pe,Hinglish,Water Supply,Low,Neutral,Ward_03
GRV-2024-102443,publc tolet m pani nah aj chnak dary both k pass,Hinglish,Public Parks & Infrastructure,High,Frustrated,Ward_13
GRV-2024-100245,transformer dead,English,Electricity,Critical,Angry,Ward_06
GRV-2024-100784,Gaddha,Hinglish,Roads & Traffic,High,Pleading,Ward_29
GRV-2024-101409,Pip lak,Hinglish,Water Supply,Medium,Angry,Ward_20
GRV-2024-100154,TRANSFORMER BLAST HO GAYA ATM KE SAAMNE KOI ACTION KYU NAHI LE RAHA,Hinglish,Electricity,Critical,Panic,Ward_19
GRV-2024-101686,पेट्रोल पंप के पास बिजली कटौती के दौरान टैंकर नहीं आया आपातकाल,Hindi,Water Supply,High,Frustrated,Ward_18
GRV-2024-100625,outside coaching center live wire hanging suddenly today,English,Electricity,Critical,Frustrated,Ward_21
GRV-2024-102396,missing tiles on pathway on market road!!!,English,Public Parks & Infrastructure,Critical,Panic,Ward_04
GRV-2024-101346,NEAR VEGETABLE MARKET WHY IS NOBODY LISTENING TANKER DID NOT COME SUDDENLY TODAY,English,Water Supply,Critical,Panic,Ward_14
GRV-2024-100569,कोई सुन क्यों नहीं रहा सरकारी स्कूल के पास सड़क पर करंट फैल रहा है,Hindi,Electricity,High,Angry,Ward_07
GRV-2024-101758,naali block!!!,English,Sanitation & Waste,Critical,Angry,Ward_07
GRV-2024-101816,sewer line blocked,English,Sanitation & Waste,Critical,Neutral,Ward_07
GRV-2024-102065,Bachao macchar bohot ho gaye kal shaam se,Hinglish,Sanitation & Waste,Medium,Frustrated,Ward_22
GRV-2024-100127,meter box caught fire after heavy rain at colony gate,English,Electricity,Low,Panic,Ward_08
GRV-2024-102479,swings are dangerously broken near eptrol pump urgent suddenly today!!,English,Public Parks & Infrastructure,Critical,Angry,Ward_04
GRV-2024-102006,garbage overflowing on road beside hospital during the storm ????,English,Sanitation & Waste,Critical,Pleading,Ward_01
GRV-2024-100980,traffic signal is dead in slum area,English,Roads & Traffic,High,Frustrated,Ward_26
GRV-2024-100190,DURING THE STORM TRANSFORMER BLASTED IN PUBLIC GARDEN!!!,English,Electricity,Critical,Angry,Ward_01
GRV-2024-101139,since yesterday evening at traffic square slpipery mud everywhere,English,Roads & Traffic,High,Angry,Ward_11
GRV-2024-100992,Manohle open,English,Roads & Traffic,High,Frustrated,Ward_25
GRV-2024-100699,outside coaching center Kids are in danger current spreading on road,English,Electricity,High,Panic,Ward_23
GRV-2024-100606,URGENT current spreading on road near metro station after construction work,English,Electricity,High,Angry,Ward_16
GRV-2024-100180,HVY SPRK FROM TRNSFRMR N SLM AR,English,Electricity,Critical,Panic,Ward_09
GRV-2024-100301,மின் கம்பி அறுந்து தொங்குகிறது காய்கறி சந்தை அருகில்,Tamil,Electricity,High,Angry,Ward_09
GRV-2024-101060,signal kharab pada hai govt scohol ke pass,Hinglish,Roads & Traffic,High,Panic,Ward_16
GRV-2024-102354,construction ke baad jhoole toot gaye hain mandir ke bahar!!!,Hinglish,Public Parks & Infrastructure,Critical,Frustrated,Ward_14
GRV-2024-102397,beside apartment tower Attention public toilet has no water!!,English,Public Parks & Infrastructure,Critical,Panic,Ward_11
GRV-2024-101069,drng pwr ct cmpltly nccptabl n slm ra divder cmpltly brkn,English,Roads & Traffic,Critical,Angry,Ward_20
GRV-2024-102205,Why is nobody listening since yesterday evening park lights are completely broken at colony gate,English,Public Parks & Infrastructure,High,Neutral,Ward_07
GRV-2024-101243,Road toot gaya,Hinglish,Roads & Traffic,High,Panic,Ward_29
GRV-2024-100016,raat ke time transformer udd gaya,Hinglish,Electricity,Medium,Frustrated,Ward_26
GRV-2024-102482,அவசரம் ஊஞ்சல்கள் உடைந்துள்ளன ஏடிஎம் அருகில் நீர் தேங்கிய பின்,Tamil,Public Parks & Infrastructure,High,Frustrated,Ward_05
GRV-2024-100546,during th storm ntr ara is dark besd TM,English,Electricity,Critical,Angry,Ward_24
GRV-2024-100658,पूरे इलाके में अंधेरा है एटीएम के सामने,Hindi,Electricity,Critical,Frustrated,Ward_13
GRV-2024-102251,ঝড়ের সময় টয়লেটে জল নেই বাস স্ট্যান্ডের কাছে,Bengali,Public Parks & Infrastructure,Medium,Frustrated,Ward_02
GRV-2024-102281,swings are dangerously broken after waterlogging beside hospital,English,Public Parks & Infrastructure,Critical,Pleading,Ward_14
GRV-2024-101504,pipeline burst suddenly during power uct,English,Water Supply,Critical,Neutral,Ward_13
GRV-2024-100959,मॅनहोल उघडे आहे मंदिराबाहेर,Marathi,Roads & Traffic,High,Angry,Ward_25
GRV-2024-100797,MANHOLE OPNE,English,Roads & Traffic,Medium,Angry,Ward_09
GRV-2024-100225,ट्रांसफार्मर फट गया कल शाम से कोचिंग सेंटर के बाहर,Hindi,Electricity,High,Panic,Ward_05
GRV-2024-102074,सफाई नहीं हुई सरकारी स्कूल के पास,Hindi,Sanitation & Waste,Critical,Neutral,Ward_21
GRV-2024-101799,mar jnwr pad h slm are me,Hinglish,Sanitation & Waste,High,Angry,Ward_15
GRV-2024-102468,भटके कुत्रे रेल्वे क्रॉसिंगजवळ!!,Marathi,Public Parks & Infrastructure,Critical,Panic,Ward_06
GRV-2024-102085,कचरे से जहरीला धुआं त्योहार की भीड़ में अपार्टमेंट के पास,Hindi,Sanitation & Waste,Low,Pleading,Ward_28
GRV-2024-101693,Sir pls help sewage mixed with drinking water outside coaching center after waterlogging,English,Water Supply,High,Panic,Ward_27
GRV-2024-101045,road sinking beside aparmtent tower,English,Roads & Traffic,High,Frustrated,Ward_17
GRV-2024-100469,TAAR TOOT KE GIR GAYA GOVT SCHOOL KE PASS,Hinglish,Electricity,Critical,Panic,Ward_29
GRV-2024-100954,road sinking beside apartment tower,English,Roads & Traffic,High,Angry,Ward_10
GRV-2024-102478,public toilet has no water beside apartment tower during power cut Sir pls help!!,English,Public Parks & Infrastructure,Critical,Frustrated,Ward_28
GRV-2024-100639,sulm area me khamba gir gaya,Hinglish,Electricity,Low,Pleading,Ward_08
GRV-2024-102316,खेळणी तुटलेली आहेत धोका आहे मेट्रो स्टेशनजवळ,Marathi,Public Parks & Infrastructure,Critical,Angry,Ward_06
GRV-2024-101218,RD ANDR JA RH H FSTVL BHED M K SN L,Hinglish,Roads & Traffic,Critical,Panic,Ward_25
GRV-2024-101158,DURING THE STORM DIVIDER COMPLETELY BROKEN BESIDE HOSPITAL,English,Roads & Traffic,High,Angry,Ward_25
GRV-2024-101415,tp s dry bsd TM,English,Water Supply,High,Angry,Ward_11
GRV-2024-102260,अस्पताल के सामने बिजली कटौती के दौरान झूले टूट गए हैं,Hindi,Public Parks & Infrastructure,High,Panic,Ward_25
GRV-2024-101527,extremely low pressure after construction work beside ATM ????,English,Water Supply,Critical,Frustrated,Ward_09
GRV-2024-102460,after pipeline digging park has become a jungle outside temple,English,Public Parks & Infrastructure,High,Neutral,Ward_21
GRV-2024-101300,नल सूखे हैं त्योहार की भीड़ में पब्लिक गार्डन में,Hindi,Water Supply,Low,Pleading,Ward_08
GRV-2024-102390,ஜிம் பொருட்கள் சேதம் புயலின் போது கோவில் வெளியே சீக்கிரம் வாருங்கள்,Tamil,Public Parks & Infrastructure,High,Neutral,Ward_25
GRV-2024-101603,बिजली कटौती के दौरान प्रेशर बहुत कम है अपार्टमेंट के पास,Hindi,Water Supply,Critical,Panic,Ward_03
GRV-2024-100160,रस्त्यावर करंट पसरत आहे शाळेजवळ,Marathi,Electricity,High,Frustrated,Ward_23
GRV-2024-101704,Pipe leak,Hindi,Water Supply,Low,Neutral,Ward_26
GRV-2024-100956,Pls help jaldi power cut ke time signal kharab pada hai mandir ke bahar,Hinglish,Roads & Traffic,High,Angry,Ward_13
GRV-2024-102430,बाजार की सड़क पर पार्क जंगल बन गया है सर मदद करें,Hindi,Public Parks & Infrastructure,Medium,Frustrated,Ward_12
GRV-2024-100877,MNHOLE OPEN,Hinglish,Roads & Traffic,High,Angry,Ward_25
GRV-2024-101919,SFA NAHI HI CNSTRCTN K BAD,Hinglish,Sanitation & Waste,Critical,Angry,Ward_16
GRV-2024-101884,GARBAGE OVERFLOWING ON ROAD WHY IS NOBODY LISTENING,English,Sanitation & Waste,Low,Panic,Ward_24
GRV-2024-102200,pakr has become a jungle in public garden,English,Public Parks & Infrastructure,High,Frustrated,Ward_04
GRV-2024-100098,at night time terrible situation transformer blasted,English,Electricity,Medium,Panic,Ward_19
GRV-2024-102360,கழிப்பறையில் தண்ணீர் இல்லை இரவு நேரத்தில் மெட்ரோ நிலையம் அருகில்,Tamil,Public Parks & Infrastructure,Low,Panic,Ward_10
GRV-2024-100253,মিটার বক্সে আগুন লেগেছে মন্দিরের বাইরে,Bengali,Electricity,High,Neutral,Ward_11
GRV-2024-100103,ஷார்ட் சர்க்யூட் ரயில்வே கிராசிங் அருகில்!!!,Tamil,Electricity,Critical,Panic,Ward_02
GRV-2024-101445,Sir pls gutter ka paani mix ho gaya market road pe,Hinglish,Water Supply,High,Panic,Ward_02
GRV-2024-101443,গতকাল সন্ধ্যা থেকে ঘোলা জল আসছে রেলওয়ে ক্রসিংয়ের কাছে,Bengali,Water Supply,Low,Pleading,Ward_16
GRV-2024-101648,बस स्टैंड के पास पानी बिल्कुल नहीं आ रहा खतरा है,Hindi,Water Supply,High,Frustrated,Ward_29
GRV-2024-100586,लवकर बघा काल संध्याकाळपासून रस्त्यावर करंट पसरत आहे मंदिराबाहेर,Marathi,Electricity,High,Frustrated,Ward_19
GRV-2024-100627,transfomrer blast ho gaya kal shaam se,Hinglish,Electricity,High,Angry,Ward_19
GRV-2024-101696,अस्पताल के सामने पानी बिल्कुल नहीं आ रहा,Hindi,Water Supply,Medium,Frustrated,Ward_25
GRV-2024-102101,mara janwar pada hai waterlogging ke baad ????,Hinglish,Sanitation & Waste,Critical,Panic,Ward_20
GRV-2024-102199,DOGS IN PARK,Hinglish,Public Parks & Infrastructure,Critical,Panic,Ward_01
GRV-2024-100403,heavy spark from rtansformer on market road,English,Electricity,Critical,Panic,Ward_06
GRV-2024-101154,waterlogging ke baad arre yaar paani bhar gaya pura hospital ke bagal me,Hinglish,Roads & Traffic,Medium,Angry,Ward_17
GRV-2024-102255,पब्लिक टॉयलेट में पानी नहीं है सब्जी मंडी के पास,Hindi,Public Parks & Infrastructure,High,Neutral,Ward_07
GRV-2024-101682,cnstrctin k bd pn s badb  rhi!!,Hinglish,Water Supply,Critical,Frustrated,Ward_17
GRV-2024-102056,सफाई नहीं हुई सब्जी मंडी के पास!!,Hindi,Sanitation & Waste,Critical,Frustrated,Ward_03
GRV-2024-102373,missing tiles on pathway,English,Public Parks & Infrastructure,High,Angry,Ward_02
GRV-2024-100452,baarish ke baad transformer se chingari aa rahi apartment ke bagal me ????,Hinglish,Electricity,Critical,Angry,Ward_21
GRV-2024-101327,foul smelling water after construction work at traffic square,English,Water Supply,High,Panic,Ward_08
GRV-2024-102049,trffc churh pe kchr s dhuan a rh,Hinglish,Sanitation & Waste,Medium,Panic,Ward_29
GRV-2024-100880,traffic signal is dead,English,Roads & Traffic,Low,Angry,Ward_26
GRV-2024-102432,pipeline khudai ke baad awariya kutte peeche pad rahe slum area me!!!,Hinglish,Public Parks & Infrastructure,Critical,Angry,Ward_13
GRV-2024-100623,Sparking,Hinglish,Electricity,High,Pleading,Ward_19
GRV-2024-102311,MISSING TILES ON PATHWAY NEAR PETROL PUMP,English,Public Parks & Infrastructure,High,Panic,Ward_25
GRV-2024-101787,during power cut dead animal smelling bad at colony gate!!,English,Sanitation & Waste,Critical,Angry,Ward_28
GRV-2024-100262,JALDI DEKHO METER ME AAG LAG GAYI BUS STAND KE WAHA WATERLOGGING KE BAAD,Hinglish,Electricity,Low,Angry,Ward_03
GRV-2024-101634,இரவு நேரத்தில் சேற்று நீர் வருகிறது,Tamil,Water Supply,High,Frustrated,Ward_01
GRV-2024-101438,घाण पाणी येत आहे काल संध्याकाळपासून ATM जवळ,Marathi,Water Supply,Critical,Frustrated,Ward_02
GRV-2024-102198,PUBLIC TOILET HAS NO WATER DURING POWER CUT NEAR PETROL PUMP,English,Public Parks & Infrastructure,High,Panic,Ward_18
GRV-2024-101969,URGENT toxic smoke from garbage near metro station after pipeline digging,English,Sanitation & Waste,High,Frustrated,Ward_13
GRV-2024-101802,pipelien khudai ke baad sewer line block ho gayi hospital ke bagal me,Hinglish,Sanitation & Waste,High,Pleading,Ward_18
GRV-2024-100640,lv wre hangng utsd tmple drng pwr cut,English,Electricity,Critical,Pleading,Ward_19
GRV-2024-102458,JHOL TOT GY HN DRY BTH K PASS ????,Hinglish,Public Parks & Infrastructure,Critical,Angry,Ward_11
GRV-2024-101959,मच्छर बहुत हो गए हैं अस्पताल के सामने,Hindi,Sanitation & Waste,Medium,Angry,Ward_17
GRV-2024-100488,current leak,Hinglish,Electricity,Critical,Frustrated,Ward_16
GRV-2024-101843,कचरा सड़क पर फैल रहा है कृपया जल्दी देखें पब्लिक गार्डन में,Hindi,Sanitation & Waste,High,Neutral,Ward_13
GRV-2024-101734,attention outside coaching center tanker did not come,English,Water Supply,High,Frustrated,Ward_11
GRV-2024-100146,PURI COLONY ME ANDHERA HAI GOVT SCHOOL KE PASS,Hinglish,Electricity,Critical,Panic,Ward_25
GRV-2024-101534,KICHAD WALA PAANI AA RHAA COACHING CENTER KE BAHAR,Hinglish,Water Supply,High,Panic,Ward_09
GRV-2024-101986,மின்வெட்டின் போது சாலையில் குப்பை மருத்துவமனை முன்,Tamil,Sanitation & Waste,High,Panic,Ward_14
GRV-2024-101369,aaj achanak pipeline fatt gayi market road pe,Hinglish,Water Supply,High,Panic,Ward_03
GRV-2024-102447,near petrol pump public toilet has no water,English,Public Parks & Infrastructure,Medium,Frustrated,Ward_23
GRV-2024-100659,மீட்டர் பெட்டியில் தீ காய்கறி சந்தை அருகில் ????,Tamil,Electricity,Critical,Angry,Ward_04
GRV-2024-101794,kchr rad pr fail rh bus stnd k wh,Hinglish,Sanitation & Waste,Critical,Neutral,Ward_15
GRV-2024-100186,current spreading on road!!!,English,Electricity,Critical,Angry,Ward_01
GRV-2024-101147,manhole khula hai ATM ke saamne ????,Hinglish,Roads & Traffic,Critical,Neutral,Ward_24
GRV-2024-100608,petrol pump ke pass Jaldi dekho transformer blast ho gaya raat ke time,Hinglish,Electricity,High,Neutral,Ward_14
GRV-2024-102191,PARK KI LIGHT KHARAB HAI!!,Hinglish,Public Parks & Infrastructure,Critical,Panic,Ward_05
GRV-2024-101930,TM ke smn kchra rad pr fl rh tofn k tm,Hinglish,Sanitation & Waste,High,Frustrated,Ward_29
GRV-2024-100197,mrgncy h pwer cut k tme transfrmer s chngar a rahi colony gt par ????,Hinglish,Electricity,Critical,Panic,Ward_20
GRV-2024-100293,TAAR GIR GAYA,Hinglish,Electricity,Medium,Angry,Ward_03
GRV-2024-100766,mandir ke bahar divider toot gaya hai!!!,Hinglish,Roads & Traffic,Critical,Frustrated,Ward_27
GRV-2024-100400,entire area is dark!!,English,Electricity,Critical,Pleading,Ward_19
GRV-2024-100122,மருத்துவமனை முன் மின் கம்பம் சாய்ந்தது,Tamil,Electricity,Critical,Neutral,Ward_16
GRV-2024-100202,entire area is dark during power cut near railway crossing,English,Electricity,Critical,Frustrated,Ward_20
GRV-2024-100835,kids are in danger since yesterday evening digging left unfiinshed,English,Roads & Traffic,High,Angry,Ward_10
GRV-2024-102294,trrbl statn strya dgs chsng kds n slm r drng fstivl crwd,English,Public Parks & Infrastructure,High,Angry,Ward_24
GRV-2024-101439,Dry taps,Hinglish,Water Supply,High,Pleading,Ward_27
GRV-2024-101733,danger hi bha prssre bht kam h ralwy crssng p cnstrctn k baad,Hinglish,Water Supply,High,Panic,Ward_04
GRV-2024-101695,Trrbl sttn tp is dry tsid tmple drng the strm,English,Water Supply,High,Frustrated,Ward_25
GRV-2024-101707,निर्माण कार्य के बाद पीने के पानी में सीवर का पानी,Hindi,Water Supply,Medium,Angry,Ward_10
GRV-2024-102428,tiles gayab hain path se slum area me,Hinglish,Public Parks & Infrastructure,Medium,Frustrated,Ward_10
GRV-2024-101153,waterlogging on street after waterlogging in slum area,English,Roads & Traffic,High,Pleading,Ward_01
GRV-2024-101661,Emergncy tap is dry nr bus stnd,English,Water Supply,Medium,Angry,Ward_15
GRV-2024-101759,GUTTER KA PAANI GHAR ME AA RAHA ARRE YAAR,Hinglish,Sanitation & Waste,High,Panic,Ward_11
GRV-2024-100854,CCIDNT ROD,Hinglish,Roads & Traffic,Critical,Angry,Ward_15
GRV-2024-101589,நேற்று மாலை முதல் குடிநீர் குழாய் உடைந்தது,Tamil,Water Supply,High,Frustrated,Ward_16
GRV-2024-102267,Pls chck immditly pblc tlt hs n wtr drng pwr cut besd TM,English,Public Parks & Infrastructure,Critical,Frustrated,Ward_17
GRV-2024-100641,trnsfrmer blst ho gay mndr k bhr pwr ct k tim,Hinglish,Electricity,Critical,Frustrated,Ward_08
GRV-2024-100001,हाई टेंशन तार टूट गया रात के समय रेलवे क्रॉसिंग के पास,Hindi,Electricity,High,Angry,Ward_03
GRV-2024-102160,पार्क की लाइट खराब है ट्रैफिक चौराहे पर,Hindi,Public Parks & Infrastructure,High,Angry,Ward_09
GRV-2024-100698,mergncy ha rt ke tm trnsformer se chingar a rh cochng cntr ke bhr,Hinglish,Electricity,Low,Panic,Ward_20
GRV-2024-101636,प्रेशर बहुत कम है पेट्रोल पंप के पास,Hindi,Water Supply,High,Panic,Ward_26
GRV-2024-101291,PAN BHR GY PR FESTVL BHD M PTRL PMP K PSS,Hinglish,Roads & Traffic,High,Angry,Ward_11
GRV-2024-102382,open gym equipment damaged beside hospital,English,Public Parks & Infrastructure,High,Pleading,Ward_11
GRV-2024-101520,Attention no supply at all near petrol pump at night time!!,English,Water Supply,Critical,Pleading,Ward_13
GRV-2024-101853,ஆபத்து சாக்கடை அடைப்பு மருத்துவமனை முன்,Tamil,Sanitation & Waste,High,Angry,Ward_03
GRV-2024-101136,outside temple open manhole since yesterday evening,English,Roads & Traffic,Low,Panic,Ward_25
GRV-2024-102415,mrgncy h pblic tlt m pan nah,Hinglish,Public Parks & Infrastructure,High,Neutral,Ward_11
GRV-2024-101631,Ganda paani,Hinglish,Water Supply,Critical,Panic,Ward_07
GRV-2024-101998,traffic chauraha pe gutter ka paani ghar me aa raha aaj achanak!!!,Hinglish,Sanitation & Waste,Critical,Panic,Ward_16
GRV-2024-100663,trribl stutin pl fell dwn besd atm sddnly tday,English,Electricity,Medium,Frustrated,Ward_20
GRV-2024-100683,meter box caught fire,English,Electricity,Medium,Panic,Ward_09
GRV-2024-101257,Koi sun lo power cut ke time road pura dhans gaya mandir ke bahar,Hinglish,Roads & Traffic,Low,Neutral,Ward_05
GRV-2024-100317,TRANSFORMER SE CHINGARI AA RAHI CONSTRUCTION KE BAAD,Hinglish,Electricity,High,Panic,Ward_18
GRV-2024-100648,কেউ শুনছে না শর্ট সার্কিট হয়েছে এটিএম এর সামনে,Bengali,Electricity,High,Frustrated,Ward_28
GRV-2024-101434,गंदा पानी आ रहा है त्योहार की भीड़ में!!!,Hindi,Water Supply,Critical,Angry,Ward_03
GRV-2024-101479,वादळादरम्यान पाण्याला दुर्गंधी बस स्टँडजवळ,Marathi,Water Supply,Critical,Neutral,Ward_25
GRV-2024-100709,waterlogging on street at traffic square,English,Roads & Traffic,High,Panic,Ward_13
GRV-2024-101282,suddenly today slippery mud everywhere near metro station,English,Roads & Traffic,Critical,Frustrated,Ward_01
GRV-2024-101768,गटर का पानी घर में आ रहा है पब्लिक गार्डन में,Hindi,Sanitation & Waste,Critical,Angry,Ward_16
GRV-2024-100972,Trffci jm,Hinglish,Roads & Traffic,Medium,Panic,Ward_04
GRV-2024-101306,PPLIN BRST SUDDNLY NER PTROL PUMP!!!,English,Water Supply,Critical,Angry,Ward_03
GRV-2024-101400,No pressure,Tamil,Water Supply,High,Panic,Ward_16
GRV-2024-101408,pipeline burst suddenly Completely unacceptable near metro station,English,Water Supply,Critical,Angry,Ward_24
GRV-2024-102237,GYM BROKEN!!!,Hindi,Public Parks & Infrastructure,Critical,Angry,Ward_03
GRV-2024-101496,kichad wal pn a rah power ct k tme bs stand k wh,Hinglish,Water Supply,High,Neutral,Ward_02
GRV-2024-102038,भारी बारिश के बाद मरा हुआ जानवर पड़ा है,Hindi,Sanitation & Waste,High,Frustrated,Ward_10
GRV-2024-101529,nl skh gye tofn k tm dry bth k pss,Hinglish,Water Supply,High,Panic,Ward_29
GRV-2024-101663,panai aa hi nahi raha market road pe,Hinglish,Water Supply,Critical,Panic,Ward_22
GRV-2024-101354,PRESSURE BOHOT KAM HAI TOOFAN KE TIME DAIRY BOOTH KE PASS,Hinglish,Water Supply,Medium,Angry,Ward_22
GRV-2024-102438,Park drak ????,Hinglish,Public Parks & Infrastructure,Critical,Panic,Ward_20
GRV-2024-102454,जिम का सामान टूट गया है कोचिंग सेंटर के बाहर,Hindi,Public Parks & Infrastructure,Critical,Angry,Ward_11
GRV-2024-101643,paani aa hi nahi raha hospital ke bagal me,Hinglish,Water Supply,Medium,Angry,Ward_04
GRV-2024-101051,ஐயா தயவுசெய்து உதவுங்கள் சாலை முற்றிலும் இடிந்தது ரயில்வே கிராசிங் அருகில் கட்டுமான பணிக்கு பின்!!,Tamil,Roads & Traffic,Critical,Frustrated,Ward_27
GRV-2024-100795,signal kharab pada hai pipeline khudai ke baad traffic chauraha pe,Hinglish,Roads & Traffic,High,Pleading,Ward_22
GRV-2024-101597,pn se bdbo a rah rlwy crossing p ????,Hinglish,Water Supply,Critical,Frustrated,Ward_29
GRV-2024-101819,no sweeping done near bus stand,English,Sanitation & Waste,High,Angry,Ward_18
GRV-2024-101722,mtr sttn k pss kichd wl pan a rh,Hinglish,Water Supply,High,Neutral,Ward_11
GRV-2024-101183,शाळेजवळ मॅनहोल उघडे आहे!!!,Marathi,Roads & Traffic,Critical,Frustrated,Ward_24
GRV-2024-101059,huge pothole caused accident on market road!!!,English,Roads & Traffic,Critical,Frustrated,Ward_04
GRV-2024-100540,मीटर बॉक्स जल गया एटीएम के सामने,Hindi,Electricity,High,Panic,Ward_05
GRV-2024-101678,No pressure,Hindi,Water Supply,High,Pleading,Ward_13
GRV-2024-102406,Pls help jaldi aaj achanak awariya kutte peeche pad rhae hospital ke bagal me,Hinglish,Public Parks & Infrastructure,High,Angry,Ward_11
GRV-2024-101757,no sweeping done in public garden ????,English,Sanitation & Waste,Critical,Panic,Ward_03
GRV-2024-101923,danger hai bhai pipeline khudai ke baad mara janwar pada hai ????,Hinglish,Sanitation & Waste,Critical,Angry,Ward_23
GRV-2024-100095,அவசரம் கட்டுமான பணிக்கு பின் மின் கம்பி அறுந்து தொங்குகிறது கோவில் வெளியே,Tamil,Electricity,Critical,Angry,Ward_16
GRV-2024-101020,nr vegtbl markt slppry md evrywhr dring th storm,English,Roads & Traffic,High,Pleading,Ward_10
GRV-2024-100563,SPARKING,Hinglish,Electricity,Critical,Panic,Ward_12
GRV-2024-100863,suddenly today road sinking Completely unacceptable!!,English,Roads & Traffic,Critical,Frustrated,Ward_17
GRV-2024-101484,Paani nahi aa raha,Marathi,Water Supply,Critical,Neutral,Ward_12
GRV-2024-101881,Jaldi dekho aaj achanak gutter ka paani ghar me aa raha apartment ke bagal me,Hinglish,Sanitation & Waste,Critical,Neutral,Ward_04
GRV-2024-101038,clny gat pr ppeln khd k bd mnhole khl h!!,Hinglish,Roads & Traffic,Critical,Pleading,Ward_15
GRV-2024-100206,khamba gir gaya slum area me!!!,Hinglish,Electricity,Critical,Panic,Ward_22
GRV-2024-100392,khamba gir gaya festival bheed me railway crossnig pe,Hinglish,Electricity,Critical,Panic,Ward_04
GRV-2024-100870,road sinking near bus stand!!!,English,Roads & Traffic,Critical,Frustrated,Ward_03
GRV-2024-100397,Pls help ajldi puri colony me andhera hai market road pe aaj achanak!!,Hinglish,Electricity,Critical,Frustrated,Ward_02
GRV-2024-102400,swings are dangerously broken near vegetable markte,English,Public Parks & Infrastructure,Low,Frustrated,Ward_17
GRV-2024-101028,digging left unfinished near railway crossing,English,Roads & Traffic,High,Angry,Ward_08
GRV-2024-101485,toofan ke time paani aa hi nahi raha,Hinglish,Water Supply,High,Frustrated,Ward_14
GRV-2024-100960,Manhole open,English,Roads & Traffic,High,Frustrated,Ward_14
GRV-2024-101570,Dry taps!!,Hindi,Water Supply,Critical,Neutral,Ward_19
GRV-2024-101895,n swpng dn tsde tmpl,English,Sanitation & Waste,High,Frustrated,Ward_27
GRV-2024-102146,KHCR,English,Sanitation & Waste,High,Panic,Ward_03
GRV-2024-100804,சீக்கிரம் வாருங்கள் பெரிய பள்ளம் ????,Tamil,Roads & Traffic,Critical,Angry,Ward_01
GRV-2024-101751,slum area me gutter ka paani ghar me aa raha festival bheed me,Hinglish,Sanitation & Waste,High,Angry,Ward_04
GRV-2024-100502,शॉर्ट सर्किट झाले मुख्य चौकात मदत करा,Marathi,Electricity,High,Panic,Ward_20
GRV-2024-100779,slippery mud everywhere near metro station,English,Roads & Traffic,Medium,Neutral,Ward_05
GRV-2024-101863,suddenly today deda animal smelling bad near dairy booth,English,Sanitation & Waste,High,Neutral,Ward_09
GRV-2024-100200,सर मदद करें बस स्टैंड के पास हाई टेंशन तार टूट गया,Hindi,Electricity,Critical,Panic,Ward_07
GRV-2024-102182,after heavy rain park has become a jungle near vegetable market,English,Public Parks & Infrastructure,High,Frustrated,Ward_27
GRV-2024-102088,waterlogging ke baad macchar bohot ho gaye metro station ke pass,Hinglish,Sanitation & Waste,Low,Neutral,Ward_25
GRV-2024-102278,Gym broken!!!,Hinglish,Public Parks & Infrastructure,Critical,Angry,Ward_09
GRV-2024-101796,kachre se dhuaan aa raha power cut ke time!!,Hinglish,Sanitation & Waste,Critical,Neutral,Ward_13
GRV-2024-100378,during festival crowd current spreading on road ????,English,Electricity,Critical,Neutral,Ward_12
GRV-2024-102336,Park adrk,English,Public Parks & Infrastructure,High,Panic,Ward_08
GRV-2024-100418,khamba gir gyaa mandir ke bahar,Hinglish,Electricity,High,Frustrated,Ward_24
GRV-2024-101698,paani se badboo aa rahi raat ke time traffic chauraha pe!!!,Hinglish,Water Supply,Critical,Frustrated,Ward_09
GRV-2024-100391,short circuit ho gaya aaj achanak sabzi mandi ke paas ????,Hinglish,Electricity,Critical,Frustrated,Ward_11
GRV-2024-101522,DRY TAPS,Bengali,Water Supply,Critical,Angry,Ward_12
GRV-2024-101162,traffic siganl is dead,English,Roads & Traffic,Low,Angry,Ward_18
GRV-2024-101495,raat ke time pressure bohot kam hai sabzi mandi ke paas,Hinglish,Water Supply,High,Frustrated,Ward_04
GRV-2024-102027,कचरे से जहरीला धुआं,Hindi,Sanitation & Waste,High,Frustrated,Ward_29
GRV-2024-101152,dggng lft nfnshd ner vgtbl mrkt,English,Roads & Traffic,High,Neutral,Ward_28
GRV-2024-101367,बिजली कटौती के दौरान टैंकर नहीं आया पेट्रोल पंप के पास,Hindi,Water Supply,Critical,Angry,Ward_11
GRV-2024-100064,fstvl bhd m trnsfrmr s chngri  rh rlway crssing p,Hinglish,Electricity,High,Pleading,Ward_12
GRV-2024-102062,no swepng done bsid tm!!,English,Sanitation & Waste,Critical,Frustrated,Ward_21
GRV-2024-101180,Jaldi dekho toofan ke time kichad hi kichad hai ATM ke saamne,Hinglish,Roads & Traffic,Critical,Frustrated,Ward_22
GRV-2024-100492,जीवित तार लटक रहा है त्योहार की भीड़ में,Hindi,Electricity,High,Neutral,Ward_20
GRV-2024-100379,transformer exploded!!!,English,Electricity,Critical,Frustrated,Ward_03
GRV-2024-102235,நேற்று மாலை முதல் ஊஞ்சல்கள் உடைந்துள்ளன ரயில்வே கிராசிங் அருகில்,Tamil,Public Parks & Infrastructure,Critical,Frustrated,Ward_27
GRV-2024-100763,GDDH,English,Roads & Traffic,Low,Angry,Ward_12
GRV-2024-102264,missing tiles on pathway during festival crowd,English,Public Parks & Infrastructure,Critical,Neutral,Ward_07
GRV-2024-100791,मैनहोल खुला है कल शाम से,Hindi,Roads & Traffic,High,Neutral,Ward_06
GRV-2024-101076,sgnal kharb pd ha mandr k bhr,Hinglish,Roads & Traffic,High,Frustrated,Ward_16
GRV-2024-100878,during power cut road sinking near govt scholo,English,Roads & Traffic,High,Pleading,Ward_23
GRV-2024-100337,kl sham se khmba gir gay trffic churh pe,Hinglish,Electricity,High,Pleading,Ward_20
GRV-2024-102343,PUBLIC TOILET HAS NO WATER AFTER PIPELINE DIGGING URGENT,English,Public Parks & Infrastructure,Critical,Angry,Ward_20
GRV-2024-101016,suddenly today near railway crossing traffic signal is dead,English,Roads & Traffic,High,Frustrated,Ward_18
GRV-2024-101275,Traffic jam,Hindi,Roads & Traffic,High,Angry,Ward_09
GRV-2024-100455,रस्त्यावर करंट पसरत आहे काल संध्याकाळपासून,Marathi,Electricity,Low,Angry,Ward_17
GRV-2024-100815,kal shaam se divider toot gaya hai,Hinglish,Roads & Traffic,High,Neutral,Ward_28
GRV-2024-102317,Tlet dirty,Hinglish,Public Parks & Infrastructure,High,Frustrated,Ward_08
GRV-2024-100995,dring pwer ct road snking nr dry bth!!,English,Roads & Traffic,Critical,Frustrated,Ward_26
GRV-2024-101981,মেট্রো স্টেশনের কাছে মশা বাড়ছে,Bengali,Sanitation & Waste,High,Angry,Ward_18
GRV-2024-100201,ट्रांसफार्मर फट गया रात के समय पेट्रोल पंप के पास ????,Hindi,Electricity,Critical,Pleading,Ward_09
GRV-2024-100161,HIGH TENSION LINE BROKE OUTSIDE COACHING CENTER,English,Electricity,High,Angry,Ward_12
GRV-2024-101579,why is nobody litsening after construction work pipeline burst suddenly,English,Water Supply,Critical,Panic,Ward_13
GRV-2024-100702,सड़क पूरी तरह धंस गई है मेट्रो स्टेशन के पास,Hindi,Roads & Traffic,Critical,Panic,Ward_09
GRV-2024-101500,pipeline burst suddenly during power cut near petrol pump!!!,English,Water Supply,Critical,Panic,Ward_01
GRV-2024-101129,Manhl pn!!,Hinglish,Roads & Traffic,Critical,Frustrated,Ward_01
GRV-2024-101021,pn mnhl Compltly naccptbl n public grdn,English,Roads & Traffic,High,Angry,Ward_14
GRV-2024-101585,kichad wala paani aa raha power cut ke time!!,Hinglish,Water Supply,Critical,Frustrated,Ward_07
GRV-2024-101955,त्योहार की भीड़ में आपातकाल मच्छर बहुत हो गए हैं,Hindi,Sanitation & Waste,Critical,Frustrated,Ward_06
GRV-2024-102253,PUBLC TLT M PANI NH PPLNE KHDA K BD!!!,Hinglish,Public Parks & Infrastructure,Critical,Angry,Ward_17
GRV-2024-100034,heavy spark from transformre Attention ????,English,Electricity,Critical,Panic,Ward_04
GRV-2024-100775,மேன்ஹோல் திறந்துள்ளது பஸ் ஸ்டாண்ட் அருகில் புயலின் போது அவசரம்!!,Tamil,Roads & Traffic,Critical,Panic,Ward_20
GRV-2024-101478,beside atm please check immedaitely tanker did not come!!,English,Water Supply,Critical,Frustrated,Ward_15
GRV-2024-101390,NO SUPPLY AT ALL SUDDENLY TODAY OUTSIDE TEMPLE,English,Water Supply,High,Angry,Ward_11
GRV-2024-102139,dead dog,Hinglish,Sanitation & Waste,High,Frustrated,Ward_27
GRV-2024-101363,kds r n dnger no spply t ll nr metr sttn ????,English,Water Supply,Critical,Pleading,Ward_03
GRV-2024-102041,eswer line blocked ????,English,Sanitation & Waste,Critical,Angry,Ward_27
GRV-2024-100241,transformer se chinagri aa rahi traffic chauraha pe!!,Hinglish,Electricity,Critical,Neutral,Ward_21
GRV-2024-102061,सीवर लाइन जाम है बाजार की सड़क पर,Hindi,Sanitation & Waste,Critical,Frustrated,Ward_14
GRV-2024-102363,stray dogs chasing kids after construction work in slum area,English,Public Parks & Infrastructure,High,Panic,Ward_05
GRV-2024-100600,TERRIBLE SITUATION ENTIRE AREA IS DARK BESIDE ATM,English,Electricity,High,Angry,Ward_13
GRV-2024-102435,সবজি বাজারের কাছে স্যার একটু দেখুন পার্ক জঙ্গল হয়ে গেছে,Bengali,Public Parks & Infrastructure,Medium,Frustrated,Ward_14
GRV-2024-101297,सब्जी मंडी के पास सड़क पर पानी भरा है,Hindi,Roads & Traffic,Medium,Angry,Ward_04
GRV-2024-102214,आवारा कुत्ते बच्चों के पीछे भाग रहे हैं!!!,Hindi,Public Parks & Infrastructure,Critical,Panic,Ward_09
GRV-2024-102068,KCHR RD PR FL RH HSPTL K BGL ME,Hinglish,Sanitation & Waste,Critical,Panic,Ward_10
GRV-2024-100646,Attention during the storm transofrmer blasted beside apartment tower ????,English,Electricity,Critical,Angry,Ward_02
GRV-2024-101528,pressure bohot kam hai aaj achanak metro station ke pass,Hinglish,Water Supply,High,Panic,Ward_18
GRV-2024-101267,Please check immediately slippery mud everywhere beside ATM during the storm,English,Roads & Traffic,High,Frustrated,Ward_12
GRV-2024-101899,sbz mnd k pas kchra rd pr fal rh,Hinglish,Sanitation & Waste,Critical,Neutral,Ward_27
GRV-2024-100562,mtr bx cught fr on mrkt rad,English,Electricity,Low,Frustrated,Ward_12
GRV-2024-100189,short circuit ho gaya metro station ke pass,Hinglish,Electricity,High,Panic,Ward_09
GRV-2024-101806,पाइपलाइन खुदाई के बाद सफाई नहीं हुई कोचिंग सेंटर के बाहर,Hindi,Sanitation & Waste,High,Frustrated,Ward_13
GRV-2024-100975,aaj achanak divider toot gaya hai traffic chauraha pe,Hinglish,Roads & Traffic,Critical,Frustrated,Ward_26
GRV-2024-102047,sfaai nahi hui railway crossing pe ????,Hinglish,Sanitation & Waste,Critical,Frustrated,Ward_02
GRV-2024-101082,ROAD PURA DHANS GAYA BAARISH KE BAAD TRAFFIC CHAURAHA PE,Hinglish,Roads & Traffic,High,Angry,Ward_13
GRV-2024-100474,road pe current aa raha hai,Hinglish,Electricity,Critical,Angry,Ward_08
GRV-2024-100747,outsd tmple traffc sgnl s ded dring fstvl crwd!!!,English,Roads & Traffic,Critical,Frustrated,Ward_10
GRV-2024-102300,कृपया जल्दी देखें झूले टूट गए हैं,Hindi,Public Parks & Infrastructure,High,Angry,Ward_26
GRV-2024-100021,look at this live wire hanging near metro station after pipeline digging!!,English,Electricity,Critical,Angry,Ward_23
GRV-2024-100459,ट्रांसफार्मर में आग लग गई स्थिति बहुत खराब है डेयरी बूथ के पास!!!,Hindi,Electricity,Critical,Panic,Ward_29
GRV-2024-101184,Sir pls help road sinking near bus stand during festival crowd,English,Roads & Traffic,Low,Frustrated,Ward_11
GRV-2024-102324,construction ke baad jhoole toot gaye hain mandir ke bahar,Hinglish,Public Parks & Infrastructure,Critical,Pleading,Ward_08
GRV-2024-100955,बस्ती में सड़क खोदकर छोड़ दी,Hindi,Roads & Traffic,Critical,Pleading,Ward_21
GRV-2024-101215,सर मदद करें बहुत बड़ा गड्ढा हो गया है बस्ती में,Hindi,Roads & Traffic,Critical,Neutral,Ward_21
GRV-2024-102433,PARK LIGHTS ARE COMPLETELY BROKEN AFTER HEAVY RAIN ON MARKET ROAD!!!,English,Public Parks & Infrastructure,Critical,Angry,Ward_19
GRV-2024-101515,No pressure,Hinglish,Water Supply,Critical,Panic,Ward_23
GRV-2024-102391,BACHO J ACHNK GYM KA SAMN TT GY PRTMNT K BGAL M,Hinglish,Public Parks & Infrastructure,Critical,Panic,Ward_26
GRV-2024-100769,சிக்னல் வேலை செய்யவில்லை இரவு நேரத்தில் ரயில்வே கிராசிங் அருகில்!!!,Tamil,Roads & Traffic,Critical,Neutral,Ward_24
GRV-2024-101685,no supply at all,English,Water Supply,Critical,Frustrated,Ward_18
GRV-2024-100130,ट्रांसफार्मर फट गया,Hindi,Electricity,Critical,Frustrated,Ward_04
GRV-2024-102135,sewer line block ho gayi petrol pump ke pass pwoer cut ke time!!!,Hinglish,Sanitation & Waste,Critical,Panic,Ward_03
GRV-2024-101482,nal sookh gaye atm ke saamne pipeline khudai ke baad,Hinglish,Water Supply,Critical,Angry,Ward_19
GRV-2024-100330,Blast hua,Tamil,Electricity,Medium,Panic,Ward_06
GRV-2024-101238,in slm r Why s nbdy lstnng pn mnhl,English,Roads & Traffic,High,Angry,Ward_17
GRV-2024-100466,शॉर्ट सर्किट हो गया पब्लिक गार्डन में,Hindi,Electricity,High,Frustrated,Ward_06
GRV-2024-102169,Gym broken,Hindi,Public Parks & Infrastructure,High,Pleading,Ward_25
GRV-2024-101638,paani aa hi nahi raha power cut ke time coaching center ke bahar ????,Hinglish,Water Supply,Critical,Frustrated,Ward_07
GRV-2024-101095,Accident road,English,Roads & Traffic,Critical,Pleading,Ward_24
GRV-2024-101130,তাড়াতাড়ি আসুন মন্দিরের বাইরে রাস্তা খোঁড়াখুঁড়ি পড়ে আছে,Bengali,Roads & Traffic,High,Panic,Ward_03
GRV-2024-101294,bohot bada gaddha ban gaya garden me raat ke time,Hinglish,Roads & Traffic,High,Angry,Ward_07
GRV-2024-100860,Accident road,Hinglish,Roads & Traffic,High,Neutral,Ward_08
